[{"id":"user-image-default-logo.png","publicUrl":"np://user.desktop.nicepage.com/Site_99425491/images/default-logo.png","size":1804,"hash":"pVWyp9ScwghJ0IJ/x/tR7o2JZVo=","fileName":"default-logo.png","name":"default-logo","width":80,"height":40,"thumbnail":{"url":"np://user.desktop.nicepage.com/Site_99425491/images/thumbnails/default-logo.png","width":80,"height":40,"length":1804,"type":"png"},"folderId":null,"originalUrl":"//capp.nicepage.com/images/default-logo.png","usages":[]},{"id":"user-image-tytyt54.jpg","publicUrl":"np://user.desktop.nicepage.com/Site_99425491/images/tytyt54.jpg","size":27172,"hash":"WOxyLkX6cdJlAHZGTyHaYQKx0m8=","fileName":"tytyt54.jpg","name":"tytyt54","width":309,"height":309,"thumbnail":{"url":"np://user.desktop.nicepage.com/Site_99425491/images/thumbnails/tytyt54.jpg","width":250,"height":250},"folderId":null,"originalUrl":"//images01.nicepagecdn.com/c461c07a441a5d220e8feb1a/088290d888cd5735bc11af87/tytyt54.jpg","usages":[]},{"id":"user-image-trtrrt.jpg","publicUrl":"np://user.desktop.nicepage.com/Site_99425491/images/trtrrt.jpg","size":30007,"hash":"6JA1YszlS9UuRUVFZc0T+smZtks=","fileName":"trtrrt.jpg","name":"trtrrt","width":309,"height":309,"thumbnail":{"url":"np://user.desktop.nicepage.com/Site_99425491/images/thumbnails/trtrrt.jpg","width":250,"height":250},"folderId":null,"originalUrl":"//images01.nicepagecdn.com/c461c07a441a5d220e8feb1a/8f50f8f477045e67912b69a9/trtrrt.jpg","usages":[]},{"id":"user-image-bfc62dcf-11dc-f72c-9f80-d5d6784457fc.jpg","publicUrl":"np://user.desktop.nicepage.com/Site_99425491/images/bfc62dcf-11dc-f72c-9f80-d5d6784457fc.jpg","size":22853,"hash":"G1kAUy6DJp72lGuT3DQEcfcQuAE=","fileName":"bfc62dcf-11dc-f72c-9f80-d5d6784457fc.jpg","name":"bfc62dcf-11dc-f72c-9f80-d5d6784457fc","width":309,"height":309,"thumbnail":{"url":"np://user.desktop.nicepage.com/Site_99425491/images/thumbnails/bfc62dcf-11dc-f72c-9f80-d5d6784457fc.jpg","width":250,"height":250},"folderId":null,"originalUrl":"//images01.nicepagecdn.com/c461c07a441a5d220e8feb1a/2842f4a1f0a85a0f9b26dca7/bfc62dcf-11dc-f72c-9f80-d5d6784457fc.jpg","usages":[]},{"id":"user-image-hgghgh.jpg","publicUrl":"np://user.desktop.nicepage.com/Site_99425491/images/hgghgh.jpg","size":13439,"hash":"PPK/lKxaF/8m4Toi81kgpvrKsBY=","fileName":"hgghgh.jpg","name":"hgghgh","width":206,"height":206,"thumbnail":{"url":"np://user.desktop.nicepage.com/Site_99425491/images/thumbnails/hgghgh.jpg","height":206,"width":206,"length":13439,"type":"jpg"},"folderId":null,"originalUrl":"//images01.nicepagecdn.com/c461c07a441a5d220e8feb1a/980d881d762859b98207594a/hgghgh.jpg","usages":[]},{"id":"user-image-ds.jpg","publicUrl":"np://user.desktop.nicepage.com/Site_99425491/images/ds.jpg","size":13507,"hash":"AV+5JsaoGYSy2MUgijWIkgt+0/g=","fileName":"ds.jpg","name":"ds","width":206,"height":206,"thumbnail":{"url":"np://user.desktop.nicepage.com/Site_99425491/images/thumbnails/ds.jpg","height":206,"width":206,"length":13507,"type":"jpg"},"folderId":null,"originalUrl":"//images01.nicepagecdn.com/c461c07a441a5d220e8feb1a/c09014f9e7715438bb869fbb/ds.jpg","usages":[]},{"id":"user-image-gggg.jpg","publicUrl":"np://user.desktop.nicepage.com/Site_99425491/images/gggg.jpg","size":41136,"hash":"r7M4vOS4HkHBhWEIxIcECDOHT1w=","fileName":"gggg.jpg","name":"gggg","width":626,"height":417,"thumbnail":{"url":"np://user.desktop.nicepage.com/Site_99425491/images/thumbnails/gggg.jpg","width":250,"height":167},"folderId":null,"originalUrl":"//images01.nicepagecdn.com/c461c07a441a5d220e8feb1a/fdeea1f156df50479da23133/gggg.jpg?version=","usages":[]},{"id":"user-image-tyty.jpg","publicUrl":"np://user.desktop.nicepage.com/Site_99425491/images/tyty.jpg","size":24180,"hash":"2LMdnNfEZutUck2UUuLxIfew1zk=","fileName":"tyty.jpg","name":"tyty","width":309,"height":309,"thumbnail":{"url":"np://user.desktop.nicepage.com/Site_99425491/images/thumbnails/tyty.jpg","width":250,"height":250},"folderId":null,"originalUrl":"//images01.nicepagecdn.com/c461c07a441a5d220e8feb1a/6502d958546d55698e946648/tyty.jpg","usages":[]},{"id":"user-image-ec6da3db-d4a7-cbc8-c959-57cb2f78738d.jpg","publicUrl":"np://user.desktop.nicepage.com/Site_99425491/images/ec6da3db-d4a7-cbc8-c959-57cb2f78738d.jpg","size":22661,"hash":"eC6yS1tn7YvwIG4BkGpDvDLLF4M=","fileName":"ec6da3db-d4a7-cbc8-c959-57cb2f78738d.jpg","name":"ec6da3db-d4a7-cbc8-c959-57cb2f78738d","width":309,"height":309,"thumbnail":{"url":"np://user.desktop.nicepage.com/Site_99425491/images/thumbnails/ec6da3db-d4a7-cbc8-c959-57cb2f78738d.jpg","width":250,"height":250},"folderId":null,"originalUrl":"//images01.nicepagecdn.com/c461c07a441a5d220e8feb1a/689ce6d1eab65cd2bce35637/ec6da3db-d4a7-cbc8-c959-57cb2f78738d.jpg","usages":[]},{"id":"user-image-close-up-team-working-together_2.jpg","publicUrl":"np://user.desktop.nicepage.com/Site_99425491/images/close-up-team-working-together_2.jpg","size":302382,"hash":"B2/P7Rw2t2nTmIB/6DpefLosWP4=","fileName":"close-up-team-working-together_2.jpg","name":"close-up-team-working-together_2","width":1380,"height":920,"thumbnail":{"url":"np://user.desktop.nicepage.com/Site_99425491/images/thumbnails/close-up-team-working-together_2.jpg","width":250,"height":167},"folderId":null,"originalUrl":"https://assets.nicepagecdn.com/d2cc3eaa/2298516/images/close-up-team-working-together_2.jpg","usages":[]},{"id":"user-image-electric-farm-with-panels-producing-clean-ecologic-energy5-min.jpg","publicUrl":"np://user.desktop.nicepage.com/Site_99425491/images/electric-farm-with-panels-producing-clean-ecologic-energy5-min.jpg","size":783002,"hash":"lFhU4k04jNmUZeolLFUY16uSMr0=","fileName":"electric-farm-with-panels-producing-clean-ecologic-energy5-min.jpg","name":"electric-farm-with-panels-producing-clean-ecologic-energy5-min","width":1980,"height":958,"thumbnail":{"url":"np://user.desktop.nicepage.com/Site_99425491/images/thumbnails/electric-farm-with-panels-producing-clean-ecologic-energy5-min.jpg","width":250,"height":121},"folderId":null,"originalUrl":"https://assets.nicepagecdn.com/d2cc3eaa/2298516/images/electric-farm-with-panels-producing-clean-ecologic-energy5-min.jpg","usages":[]},{"id":"user-image-3120424.png","publicUrl":"np://user.desktop.nicepage.com/Site_99425491/images/3120424.png","size":2000,"hash":"lJtp0gtlFJsnMxRIxIKmUqz/48U=","fileName":"3120424.png","name":"3120424","width":128,"height":128,"thumbnail":{"url":"np://user.desktop.nicepage.com/Site_99425491/images/thumbnails/3120424.png","width":128,"height":128,"length":2000,"type":"png"},"folderId":null,"originalUrl":"https://assets.nicepagecdn.com/d2cc3eaa/2298516/images/3120424.png","usages":[]},{"id":"user-image-4410413.png","publicUrl":"np://user.desktop.nicepage.com/Site_99425491/images/4410413.png","size":2462,"hash":"BwNI+miXINA2YdqvnesSziRSno8=","fileName":"4410413.png","name":"4410413","width":128,"height":128,"thumbnail":{"url":"np://user.desktop.nicepage.com/Site_99425491/images/thumbnails/4410413.png","width":128,"height":128,"length":2462,"type":"png"},"folderId":null,"originalUrl":"https://assets.nicepagecdn.com/d2cc3eaa/2298516/images/4410413.png","usages":[]},{"id":"user-image-3402748.png","publicUrl":"np://user.desktop.nicepage.com/Site_99425491/images/3402748.png","size":3538,"hash":"s6QySajcLAuUDSaufU7rCsjb87A=","fileName":"3402748.png","name":"3402748","width":128,"height":128,"thumbnail":{"url":"np://user.desktop.nicepage.com/Site_99425491/images/thumbnails/3402748.png","width":128,"height":128,"length":3538,"type":"png"},"folderId":null,"originalUrl":"https://assets.nicepagecdn.com/d2cc3eaa/2298516/images/3402748.png","usages":[]},{"id":"user-image-electric-farm-with-panels-product7.jpg","publicUrl":"np://user.desktop.nicepage.com/Site_99425491/images/electric-farm-with-panels-product7.jpg","size":707358,"hash":"nf6pIsYcMnB5VJeIGru7a0K0ZtY=","fileName":"electric-farm-with-panels-product7.jpg","name":"electric-farm-with-panels-product7","width":1800,"height":870,"thumbnail":{"url":"np://user.desktop.nicepage.com/Site_99425491/images/thumbnails/electric-farm-with-panels-product7.jpg","width":250,"height":121},"folderId":null,"originalUrl":"https://assets.nicepagecdn.com/d2cc3eaa/2298516/images/electric-farm-with-panels-product7.jpg","usages":[]},{"id":"user-image-alternative-energy-ecological-co.jpg","publicUrl":"np://user.desktop.nicepage.com/Site_99425491/images/alternative-energy-ecological-co.jpg","size":178139,"hash":"j2ujJa2Kn0hZWAdVWwjhdcm0jdA=","fileName":"alternative-energy-ecological-co.jpg","name":"alternative-energy-ecological-co","width":1380,"height":920,"thumbnail":{"url":"np://user.desktop.nicepage.com/Site_99425491/images/thumbnails/alternative-energy-ecological-co.jpg","width":250,"height":167},"folderId":null,"originalUrl":"https://assets.nicepagecdn.com/d2cc3eaa/2298516/images/alternative-energy-ecological-co.jpg","usages":[]},{"id":"user-image-mother-with-her-little-son-by-so.jpg","publicUrl":"np://user.desktop.nicepage.com/Site_99425491/images/mother-with-her-little-son-by-so.jpg","size":359510,"hash":"s8A6vSujd7MMOIToAy7FFKkgF54=","fileName":"mother-with-her-little-son-by-so.jpg","name":"mother-with-her-little-son-by-so","width":1380,"height":920,"thumbnail":{"url":"np://user.desktop.nicepage.com/Site_99425491/images/thumbnails/mother-with-her-little-son-by-so.jpg","width":250,"height":167},"folderId":null,"originalUrl":"https://assets.nicepagecdn.com/d2cc3eaa/2298516/images/mother-with-her-little-son-by-so.jpg","usages":[]},{"id":"user-image-medium-shot-men-working-together6.jpg","publicUrl":"np://user.desktop.nicepage.com/Site_99425491/images/medium-shot-men-working-together6.jpg","size":390112,"hash":"jDwHOqMTA1SmmNiyYdKMnTj/Udg=","fileName":"medium-shot-men-working-together6.jpg","name":"medium-shot-men-working-together6","width":1380,"height":943,"thumbnail":{"url":"np://user.desktop.nicepage.com/Site_99425491/images/thumbnails/medium-shot-men-working-together6.jpg","width":250,"height":171},"folderId":null,"originalUrl":"https://assets.nicepagecdn.com/d2cc3eaa/2298516/images/medium-shot-men-working-together6.jpg","usages":[]},{"id":"user-image-photovoltaics-solar-power-statio.jpg","publicUrl":"np://user.desktop.nicepage.com/Site_99425491/images/photovoltaics-solar-power-statio.jpg","size":453893,"hash":"z39PLZTiCGC5XU+HtxIib664cjQ=","fileName":"photovoltaics-solar-power-statio.jpg","name":"photovoltaics-solar-power-statio","width":1380,"height":940,"thumbnail":{"url":"np://user.desktop.nicepage.com/Site_99425491/images/thumbnails/photovoltaics-solar-power-statio.jpg","width":250,"height":170},"folderId":null,"originalUrl":"https://assets.nicepagecdn.com/d2cc3eaa/2298516/images/photovoltaics-solar-power-statio.jpg","usages":[]},{"id":"user-image-solar-energy-panel-light-bulb-gr.jpg","publicUrl":"np://user.desktop.nicepage.com/Site_99425491/images/solar-energy-panel-light-bulb-gr.jpg","size":213230,"hash":"QDNdkczsKRdK75kabWQKUEpdy+U=","fileName":"solar-energy-panel-light-bulb-gr.jpg","name":"solar-energy-panel-light-bulb-gr","width":1380,"height":920,"thumbnail":{"url":"np://user.desktop.nicepage.com/Site_99425491/images/thumbnails/solar-energy-panel-light-bulb-gr.jpg","width":250,"height":167},"folderId":null,"originalUrl":"https://assets.nicepagecdn.com/d2cc3eaa/2298516/images/solar-energy-panel-light-bulb-gr.jpg","usages":[]},{"id":"user-image-person-near-alternative-energy-p.jpg","publicUrl":"np://user.desktop.nicepage.com/Site_99425491/images/person-near-alternative-energy-p.jpg","size":177328,"hash":"Evq2kjjGJ8kmN8Qb6iOPzZhjMw4=","fileName":"person-near-alternative-energy-p.jpg","name":"person-near-alternative-energy-p","width":1380,"height":920,"thumbnail":{"url":"np://user.desktop.nicepage.com/Site_99425491/images/thumbnails/person-near-alternative-energy-p.jpg","width":250,"height":167},"folderId":null,"originalUrl":"https://assets.nicepagecdn.com/d2cc3eaa/2298516/images/person-near-alternative-energy-p.jpg","usages":[]},{"id":"user-image-business-person-planning-alterna.jpg","publicUrl":"np://user.desktop.nicepage.com/Site_99425491/images/business-person-planning-alterna.jpg","size":224476,"hash":"QzW41BbnqOALYPEdKUPlGMcGqyg=","fileName":"business-person-planning-alterna.jpg","name":"business-person-planning-alterna","width":1380,"height":920,"thumbnail":{"url":"np://user.desktop.nicepage.com/Site_99425491/images/thumbnails/business-person-planning-alterna.jpg","width":250,"height":167},"folderId":null,"originalUrl":"https://assets.nicepagecdn.com/d2cc3eaa/2298516/images/business-person-planning-alterna.jpg","usages":[]},{"id":"user-image-5453.jpg","publicUrl":"np://user.desktop.nicepage.com/Site_99425491/images/5453.jpg","size":619998,"hash":"wEI0roB0Qpt08aQ4gm20vGFHOFw=","fileName":"5453.jpg","name":"5453","width":1380,"height":833,"thumbnail":{"url":"np://user.desktop.nicepage.com/Site_99425491/images/thumbnails/5453.jpg","width":250,"height":151},"folderId":null,"originalUrl":"https://assets.nicepagecdn.com/d2cc3eaa/2298516/images/5453.jpg","usages":[]},{"id":"user-image-3d-house-with-solar-pannels.jpg","publicUrl":"np://user.desktop.nicepage.com/Site_99425491/images/3d-house-with-solar-pannels.jpg","size":389141,"hash":"zC9bHfYFVV83wdNbrOW3VeEh7lo=","fileName":"3d-house-with-solar-pannels.jpg","name":"3d-house-with-solar-pannels","width":1920,"height":1006,"thumbnail":{"url":"np://user.desktop.nicepage.com/Site_99425491/images/thumbnails/3d-house-with-solar-pannels.jpg","width":250,"height":131},"folderId":null,"originalUrl":"https://assets.nicepagecdn.com/d2cc3eaa/2298516/images/3d-house-with-solar-pannels.jpg","usages":[]},{"id":"user-image-12.jpg","publicUrl":"np://user.desktop.nicepage.com/Site_99425491/images/12.jpg","size":209343,"hash":"G/vjNXuZ4XUpdHioCTWC3V7zpAg=","fileName":"12.jpg","name":"12","width":1380,"height":920,"thumbnail":{"url":"np://user.desktop.nicepage.com/Site_99425491/images/thumbnails/12.jpg","width":250,"height":167},"folderId":null,"originalUrl":"https://assets.nicepagecdn.com/d2cc3eaa/2298516/images/12.jpg","usages":[]},{"id":"user-image-656.jpg","publicUrl":"np://user.desktop.nicepage.com/Site_99425491/images/656.jpg","size":423856,"hash":"raZMT9/n94nD/e9/wABGEGbbvzw=","fileName":"656.jpg","name":"656","width":1380,"height":920,"thumbnail":{"url":"np://user.desktop.nicepage.com/Site_99425491/images/thumbnails/656.jpg","width":250,"height":167},"folderId":null,"originalUrl":"https://assets.nicepagecdn.com/d2cc3eaa/2298516/images/656.jpg","usages":[]},{"id":"user-image-45435.jpg","publicUrl":"np://user.desktop.nicepage.com/Site_99425491/images/45435.jpg","size":301210,"hash":"ACQfyfWhjKNOJoe9XngEyoQGeF4=","fileName":"45435.jpg","name":"45435","width":1380,"height":920,"thumbnail":{"url":"np://user.desktop.nicepage.com/Site_99425491/images/thumbnails/45435.jpg","width":250,"height":167},"folderId":null,"originalUrl":"https://assets.nicepagecdn.com/d2cc3eaa/2298516/images/45435.jpg","usages":[]},{"id":"user-image-443.jpg","publicUrl":"np://user.desktop.nicepage.com/Site_99425491/images/443.jpg","size":278469,"hash":"wkUPFsiUiRyhK01/izaDDySjDYg=","fileName":"443.jpg","name":"443","width":1380,"height":920,"thumbnail":{"url":"np://user.desktop.nicepage.com/Site_99425491/images/thumbnails/443.jpg","width":250,"height":167},"folderId":null,"originalUrl":"https://assets.nicepagecdn.com/d2cc3eaa/2298516/images/443.jpg","usages":[]},{"id":"user-image-32423.jpg","publicUrl":"np://user.desktop.nicepage.com/Site_99425491/images/32423.jpg","size":352207,"hash":"yUDlhvY3424NH6sFLrzkOHEPVTU=","fileName":"32423.jpg","name":"32423","width":1380,"height":920,"thumbnail":{"url":"np://user.desktop.nicepage.com/Site_99425491/images/thumbnails/32423.jpg","width":250,"height":167},"folderId":null,"originalUrl":"https://assets.nicepagecdn.com/d2cc3eaa/2298516/images/32423.jpg","usages":[]},{"id":"user-image-235.jpg","publicUrl":"np://user.desktop.nicepage.com/Site_99425491/images/235.jpg","size":235153,"hash":"7aWZwHOBWorDxauWehto6fXrm4g=","fileName":"235.jpg","name":"235","width":1380,"height":920,"thumbnail":{"url":"np://user.desktop.nicepage.com/Site_99425491/images/thumbnails/235.jpg","width":250,"height":167},"folderId":null,"originalUrl":"https://assets.nicepagecdn.com/d2cc3eaa/2298516/images/235.jpg","usages":[]},{"id":"user-image-26193-min.jpg","publicUrl":"np://user.desktop.nicepage.com/Site_99425491/images/26193-min.jpg","size":223765,"hash":"8RNueDjCz99+7huwzCgvumyi360=","fileName":"26193-min.jpg","name":"26193-min","width":2000,"height":1143,"thumbnail":{"url":"np://user.desktop.nicepage.com/Site_99425491/images/thumbnails/26193-min.jpg","width":250,"height":143},"folderId":null,"originalUrl":"https://assets.nicepagecdn.com/d2cc3eaa/2298516/images/26193-min.jpg","usages":[]},{"id":"user-image-2997240.png","publicUrl":"np://user.desktop.nicepage.com/Site_99425491/images/2997240.png","size":4708,"hash":"zgkjB5iXb6rs/O60Hjkx22UFEzM=","fileName":"2997240.png","name":"2997240","width":128,"height":128,"thumbnail":{"url":"np://user.desktop.nicepage.com/Site_99425491/images/thumbnails/2997240.png","width":128,"height":128,"length":4708,"type":"png"},"folderId":null,"originalUrl":"//images01.nicepagecdn.com/c461c07a441a5d220e8feb1a/95eeef41a8765cbe8300e2c5/2997240.png","usages":["26418741"]},{"id":"user-image-2674240.png","publicUrl":"np://user.desktop.nicepage.com/Site_99425491/images/2674240.png","size":3836,"hash":"5mtz1O7xXMDz1g57yyMKN6QzoAs=","fileName":"2674240.png","name":"2674240","width":128,"height":128,"thumbnail":{"url":"np://user.desktop.nicepage.com/Site_99425491/images/thumbnails/2674240.png","width":128,"height":128,"length":3836,"type":"png"},"folderId":null,"originalUrl":"//images01.nicepagecdn.com/c461c07a441a5d220e8feb1a/7e1450e493db5ee5a1ab086c/2674240.png","usages":["26418741"]},{"id":"user-image-2628908.png","publicUrl":"np://user.desktop.nicepage.com/Site_99425491/images/2628908.png","size":3904,"hash":"cqUKh2fyVl7LGJVoxhVmGMxwACY=","fileName":"2628908.png","name":"2628908","width":128,"height":128,"thumbnail":{"url":"np://user.desktop.nicepage.com/Site_99425491/images/thumbnails/2628908.png","width":128,"height":128,"length":3904,"type":"png"},"folderId":null,"originalUrl":"//images01.nicepagecdn.com/c461c07a441a5d220e8feb1a/5047919167be5351a8365196/2628908.png","usages":["26418741"]},{"id":"user-image-3649107.png","publicUrl":"np://user.desktop.nicepage.com/Site_99425491/images/3649107.png","size":3111,"hash":"CQ+NDSUOk79RytizJPmKK8gSn+E=","fileName":"3649107.png","name":"3649107","width":128,"height":128,"thumbnail":{"url":"np://user.desktop.nicepage.com/Site_99425491/images/thumbnails/3649107.png","width":128,"height":128,"length":3111,"type":"png"},"folderId":null,"originalUrl":"//images01.nicepagecdn.com/c461c07a441a5d220e8feb1a/e50e86a904f85781aacdfaf9/3649107.png","usages":["26418741"]},{"id":"user-image-sss.jpg","publicUrl":"np://user.desktop.nicepage.com/Site_99425491/images/sss.jpg","size":119349,"hash":"otIyhgwl126KVoysJKVF2zTjxNM=","fileName":"sss.jpg","name":"sss","width":717,"height":910,"thumbnail":{"url":"np://user.desktop.nicepage.com/Site_99425491/images/thumbnails/sss.jpg","width":197,"height":250},"folderId":null,"originalUrl":"//images01.nicepagecdn.com/c461c07a441a5d220e8feb1a/3dd3a5b1f7d05c41a6395584/sss.jpg","usages":["26418741"]},{"id":"user-image-fff.jpg","publicUrl":"np://user.desktop.nicepage.com/Site_99425491/images/fff.jpg","size":25904,"hash":"fMm7Rd0l+7sWotkw331HG67oZUM=","fileName":"fff.jpg","name":"fff","width":404,"height":404,"thumbnail":{"url":"np://user.desktop.nicepage.com/Site_99425491/images/thumbnails/fff.jpg","width":250,"height":250},"folderId":null,"originalUrl":"//images01.nicepagecdn.com/c461c07a441a5d220e8feb1a/dee2a7ea9eea577cab16110a/fff.jpg","usages":["26418741"]},{"id":"user-image-fggf.jpg","publicUrl":"np://user.desktop.nicepage.com/Site_99425491/images/fggf.jpg","size":29555,"hash":"Kj7SsWxeOq6xR4/4zIDY8gk5yEk=","fileName":"fggf.jpg","name":"fggf","width":404,"height":404,"thumbnail":{"url":"np://user.desktop.nicepage.com/Site_99425491/images/thumbnails/fggf.jpg","width":250,"height":250},"folderId":null,"originalUrl":"//images01.nicepagecdn.com/c461c07a441a5d220e8feb1a/47d488474b1750ad8f9a684f/fggf.jpg","usages":["26418741"]},{"id":"user-image-2.jpg","publicUrl":"np://user.desktop.nicepage.com/Site_99425491/images/2.jpg","size":24248,"hash":"mvndyatakqMP7TBAj9rWTL7lVWw=","fileName":"2.jpg","name":"2","width":404,"height":404,"thumbnail":{"url":"np://user.desktop.nicepage.com/Site_99425491/images/thumbnails/2.jpg","width":250,"height":250},"folderId":null,"originalUrl":"//images01.nicepagecdn.com/c461c07a441a5d220e8feb1a/23f2b6ec8f435911852884f1/2.jpg","usages":["26418741"]},{"id":"user-image-uyuy.jpg","publicUrl":"np://user.desktop.nicepage.com/Site_99425491/images/uyuy.jpg","size":250491,"hash":"bISaLP4MbBTQH1PmGlwKUTsKPz0=","fileName":"uyuy.jpg","name":"uyuy","width":1920,"height":845,"thumbnail":{"url":"np://user.desktop.nicepage.com/Site_99425491/images/thumbnails/uyuy.jpg","width":250,"height":110},"folderId":null,"originalUrl":"//images01.nicepagecdn.com/c461c07a441a5d220e8feb1a/5aa8f00262da5e3f81287bf9/uyuy.jpg","usages":["26418741"]},{"id":"user-image-gfgg-min.jpg","publicUrl":"np://user.desktop.nicepage.com/Site_99425491/images/gfgg-min.jpg","size":252004,"hash":"fpdSaTwaw880bwqVc9v3GbFdAik=","fileName":"gfgg-min.jpg","name":"gfgg-min","width":1280,"height":720,"thumbnail":{"url":"np://user.desktop.nicepage.com/Site_99425491/images/thumbnails/gfgg-min.jpg","width":250,"height":141},"folderId":null,"originalUrl":"//images01.nicepagecdn.com/c461c07a441a5d220e8feb1a/4275503d096c56129168ca70/gfgg-min.jpg","usages":["26418741"]},{"id":"user-image-vbb.jpg","publicUrl":"np://user.desktop.nicepage.com/Site_99425491/images/vbb.jpg","size":291895,"hash":"AJgAwPVgd1QYdr7rZSVLl2a0TZg=","fileName":"vbb.jpg","name":"vbb","width":1000,"height":1000,"thumbnail":{"url":"np://user.desktop.nicepage.com/Site_99425491/images/thumbnails/vbb.jpg","width":250,"height":250},"folderId":null,"originalUrl":"//images01.nicepagecdn.com/c461c07a441a5d220e8feb1a/18993663d3f0556b9b6491a5/vbb.jpg","usages":["26418741"]},{"id":"user-image-nhh.jpg","publicUrl":"np://user.desktop.nicepage.com/Site_99425491/images/nhh.jpg","size":265604,"hash":"0I7G+9F9YZPz+TqCXLVaxwY7IVQ=","fileName":"nhh.jpg","name":"nhh","width":1200,"height":800,"thumbnail":{"url":"np://user.desktop.nicepage.com/Site_99425491/images/thumbnails/nhh.jpg","width":250,"height":167},"folderId":null,"originalUrl":"//images01.nicepagecdn.com/c461c07a441a5d220e8feb1a/6b05770191ba51eaa56d14d5/nhh.jpg","usages":["26418741"]}]