[{"id":51793779,"title":"Blog Template","order":1,"templateKey":"blog","customTemplate":false,"customTemplateFilename":null,"pageLinks":[],"dateCreated":"2025-07-25T20:29:46.367Z","dateUpdated":"2025-07-25T20:29:47.937Z","folderId":null,"pageName":"Blog Template","serverPageId":null,"sectionCount":1,"status":2,"backwardUrl":null},{"id":444312879,"title":"Post Template","order":2,"templateKey":"post","customTemplate":false,"customTemplateFilename":null,"pageLinks":[],"dateCreated":"2025-07-25T20:29:46.501Z","dateUpdated":"2025-07-25T20:29:47.937Z","folderId":null,"pageName":"Post Template","serverPageId":null,"sectionCount":1,"status":2,"backwardUrl":null},{"id":104519219,"title":"Product List Template","order":3,"templateKey":"products","customTemplate":false,"customTemplateFilename":null,"pageLinks":[],"dateCreated":"2025-07-25T20:29:46.638Z","dateUpdated":"2025-07-25T20:29:47.938Z","folderId":null,"pageName":"Product List Template","serverPageId":null,"sectionCount":1,"status":2,"backwardUrl":null},{"id":29500572,"title":"Product Details Template","order":4,"templateKey":"product","customTemplate":false,"customTemplateFilename":null,"pageLinks":[],"dateCreated":"2025-07-25T20:29:46.785Z","dateUpdated":"2025-07-25T20:29:47.938Z","folderId":null,"pageName":"Product Details Template","serverPageId":null,"sectionCount":1,"status":2,"backwardUrl":null},{"id":75863403,"title":"Shopping Cart Template","order":5,"templateKey":"cart","customTemplate":false,"customTemplateFilename":null,"pageLinks":[],"dateCreated":"2025-07-25T20:29:46.910Z","dateUpdated":"2025-07-25T20:29:47.938Z","folderId":null,"pageName":"Shopping Cart Template","serverPageId":null,"sectionCount":1,"status":2,"backwardUrl":null},{"id":210588339,"title":"Checkout Template","order":6,"templateKey":"checkout","customTemplate":false,"customTemplateFilename":null,"pageLinks":[],"dateCreated":"2025-07-25T20:29:47.147Z","dateUpdated":"2025-07-25T20:29:47.938Z","folderId":null,"pageName":"Checkout Template","serverPageId":null,"sectionCount":1,"status":2,"backwardUrl":null},{"id":619500491,"title":"Login Template","order":7,"templateKey":"login","customTemplate":false,"customTemplateFilename":null,"pageLinks":[],"dateCreated":"2025-07-25T20:29:47.260Z","dateUpdated":"2025-07-25T20:29:47.938Z","folderId":null,"pageName":"Login Template","serverPageId":null,"sectionCount":1,"status":2,"backwardUrl":null},{"id":18026870,"title":"Search Page Template","order":8,"templateKey":"Search","customTemplate":false,"customTemplateFilename":null,"pageLinks":[],"dateCreated":"2025-07-25T20:29:47.342Z","dateUpdated":"2025-07-25T20:29:47.938Z","folderId":null,"pageName":"Search Page Template","serverPageId":null,"sectionCount":1,"status":2,"backwardUrl":null},{"id":354609443,"title":"Page Password Template","order":9,"templateKey":"password","customTemplate":false,"customTemplateFilename":null,"pageLinks":[],"dateCreated":"2025-07-25T20:29:47.438Z","dateUpdated":"2025-07-25T20:29:47.938Z","folderId":null,"pageName":"Page Password Template","serverPageId":null,"sectionCount":1,"status":2,"backwardUrl":null},{"id":720116105,"title":"404 Not Found Template","order":10,"templateKey":"404","customTemplate":false,"customTemplateFilename":null,"pageLinks":[],"dateCreated":"2025-07-25T20:29:47.504Z","dateUpdated":"2025-07-25T20:29:47.938Z","folderId":null,"pageName":"404 Not Found Template","serverPageId":null,"sectionCount":1,"status":2,"backwardUrl":null},{"id":259671561,"title":"Thank You Page Template","order":11,"templateKey":"ThankYou","customTemplate":false,"customTemplateFilename":null,"pageLinks":[],"dateCreated":"2025-07-25T20:29:47.563Z","dateUpdated":"2025-07-25T20:29:47.938Z","folderId":null,"pageName":"Thank You Page Template","serverPageId":null,"sectionCount":1,"status":2,"backwardUrl":null},{"id":26418741,"title":"Giriş","order":12,"templateKey":null,"customTemplate":false,"customTemplateFilename":null,"pageLinks":[],"dateCreated":"2025-07-25T20:30:29.087Z","dateUpdated":"2025-07-25T20:32:00.128Z","folderId":null,"pageName":"Giriş_26418741","serverPageId":null,"sectionCount":9,"status":2,"backwardUrl":null},{"id":2956816644,"title":"Açılış","order":13,"templateKey":null,"customTemplate":false,"customTemplateFilename":null,"pageLinks":[],"dateCreated":"2025-07-25T20:30:34.031Z","dateUpdated":"2025-07-25T20:30:34.031Z","folderId":null,"pageName":"Açılış_2956816644","serverPageId":null,"sectionCount":8,"status":2,"backwardUrl":null},{"id":24266527,"title":"Portfolio Page","order":14,"templateKey":null,"customTemplate":false,"customTemplateFilename":null,"pageLinks":[],"dateCreated":"2025-07-25T20:30:37.267Z","dateUpdated":"2025-07-25T20:30:37.267Z","folderId":null,"pageName":"Portfolio Page_24266527","serverPageId":null,"sectionCount":5,"status":2,"backwardUrl":null},{"id":39495174,"title":"Takım","order":15,"templateKey":null,"customTemplate":false,"customTemplateFilename":null,"pageLinks":[],"dateCreated":"2025-07-25T20:30:39.243Z","dateUpdated":"2025-07-25T20:30:39.243Z","folderId":null,"pageName":"Takım_39495174","serverPageId":null,"sectionCount":3,"status":2,"backwardUrl":null}]