{"id":99425491,"isReadOnly":false,"metaTags":null,"headHtml":null,"customCss":null,"headerHtml":"<section class=\"u-clearfix u-header u-block-2a01-1\" custom-posts-hash=\"[]\" data-style=\"header-imglogo-menu\" data-post-id=\"post0\" data-section-properties=\"{&quot;grid-spacing&quot;:&quot;0&quot;,&quot;align&quot;:&quot;left&quot;,&quot;stretch&quot;:true}\" id=\"sec-08ae\" data-source=\"\" data-id=\"2a01\">\n  <div class=\"u-clearfix u-sheet u-valign-middle u-block-2a01-2\">\n    <a href=\"#\" class=\"u-image u-logo u-block-2a01-8\" data-brightness=\"\">\n      <img src=\"np://user.desktop.nicepage.com/Site_99425491/images/default-logo.png?rand=2af7\" class=\"u-logo-image u-block-2a01-10\">\n    </a>\n    <nav class=\"u-menu u-menu-hamburger u-offcanvas u-block-2a01-11\" data-responsive-from=\"XL\" role=\"navigation\" aria-label=\"Menu navigation\">\n      <div class=\"menu-collapse\" style=\"font-size: 1rem; letter-spacing: 0px; font-weight: 700;\">\n        <a class=\"u-button-style u-custom-left-right-menu-spacing u-custom-padding-bottom u-custom-text-active-color u-custom-text-hover-color u-custom-top-bottom-menu-spacing u-hamburger-link u-nav-link u-text-active-palette-1-base u-text-hover-palette-2-base u-block-2a01-23\" href=\"#\" tabindex=\"-1\" aria-label=\"Open menu\" aria-controls=\"56b8\"><svg class=\"u-svg-link\" viewBox=\"0 0 24 24\"><use xlink:href=\"#menu-hamburger\"></use></svg><svg class=\"u-svg-content\" version=\"1.1\" id=\"menu-hamburger\" viewBox=\"0 0 16 16\" x=\"0px\" y=\"0px\" xmlns:xlink=\"http://www.w3.org/1999/xlink\" xmlns=\"http://www.w3.org/2000/svg\">    <g>        <rect y=\"1\" width=\"16\" height=\"2\"></rect>        <rect y=\"7\" width=\"16\" height=\"2\"></rect>        <rect y=\"13\" width=\"16\" height=\"2\"></rect>    </g></svg></a>\n      </div>\n      <div class=\"u-custom-menu u-nav-container\">\n        <ul class=\"u-nav u-unstyled u-block-2a01-18\" role=\"menubar\"><li class=\"u-nav-item\" role=\"none\"><a class=\"u-button-style u-nav-link u-text-active-palette-3-base u-text-hover-palette-3-base\" href=\"Giriş.html\" data-page-id=\"26418741\" style=\"padding: 10px 20px;\" tabindex=\"-1\" role=\"menuitem\" aria-haspopup=\"true\" aria-expanded=\"false\">Home</a><div class=\"fake u-nav-popup u-block-2a01-19\"><ul class=\"u-h-spacing-20 u-nav u-unstyled u-v-spacing-10 u-block-2a01-20\" role=\"menu\" aria-label=\"Home menu\"><li class=\"u-nav-item\" role=\"none\"><a class=\"u-button-style u-nav-link u-white\" href=\"#\" tabindex=\"-1\" role=\"menuitem\">Menu Item1</a></li><li class=\"u-nav-item\" role=\"none\"><a class=\"u-button-style u-nav-link u-white\" href=\"#\" tabindex=\"-1\" role=\"menuitem\">Menu Item2</a></li><li class=\"u-nav-item\" role=\"none\"><a class=\"u-button-style u-nav-link u-white\" href=\"#\" tabindex=\"-1\" role=\"menuitem\">Menu Item3</a></li></ul></div></li><li class=\"u-nav-item\" role=\"none\"><a class=\"u-button-style u-nav-link u-text-active-palette-3-base u-text-hover-palette-3-base\" href=\"Takım.html\" data-page-id=\"39495174\" style=\"padding: 10px 20px;\" tabindex=\"-1\" role=\"menuitem\">Our Team</a></li><li class=\"u-nav-item\" role=\"none\"><a class=\"u-button-style u-nav-link u-text-active-palette-3-base u-text-hover-palette-3-base\" href=\"Portfolio-Page.html\" data-page-id=\"24266527\" style=\"padding: 10px 20px;\" tabindex=\"-1\" role=\"menuitem\">Our Projects</a></li><li class=\"u-nav-item\" role=\"none\"><a class=\"u-button-style u-nav-link u-text-active-palette-3-base u-text-hover-palette-3-base\" href=\"Açılış.html\" data-page-id=\"2956816644\" style=\"padding: 10px 20px;\" tabindex=\"-1\" role=\"menuitem\">Landing</a></li></ul>\n      </div>\n      <div class=\"u-custom-menu u-nav-container-collapse\" id=\"56b8\" role=\"region\" aria-label=\"Menu panel\">\n        <div class=\"u-black u-container-style u-inner-container-layout u-opacity u-opacity-95 u-sidenav u-block-2a01-14\">\n          <div class=\"u-inner-container-layout u-sidenav-overflow\">\n            <div class=\"u-menu-close u-block-2a01-15\" tabindex=\"-1\" aria-label=\"Close menu\"></div>\n            <ul class=\"u-align-center u-nav u-popupmenu-items u-unstyled u-block-2a01-16\"><li class=\"u-nav-item\"><a class=\"u-button-style u-nav-link\" href=\"Giriş.html\" data-page-id=\"26418741\">Home</a><div class=\"fake u-nav-popup u-block-2a01-21\"><ul class=\"u-h-spacing-20 u-nav u-unstyled u-v-spacing-10 u-block-2a01-22\"><li class=\"u-nav-item\"><a class=\"u-button-style u-nav-link\" href=\"#\">Menu Item1</a></li><li class=\"u-nav-item\"><a class=\"u-button-style u-nav-link\" href=\"#\">Menu Item2</a></li><li class=\"u-nav-item\"><a class=\"u-button-style u-nav-link\" href=\"#\">Menu Item3</a></li></ul></div></li><li class=\"u-nav-item\"><a class=\"u-button-style u-nav-link\" href=\"Takım.html\" data-page-id=\"39495174\">Our Team</a></li><li class=\"u-nav-item\"><a class=\"u-button-style u-nav-link\" href=\"Portfolio-Page.html\" data-page-id=\"24266527\">Our Projects</a></li><li class=\"u-nav-item\"><a class=\"u-button-style u-nav-link\" href=\"Açılış.html\" data-page-id=\"2956816644\">Landing</a></li></ul>\n          </div>\n        </div>\n        <div class=\"u-black u-menu-overlay u-opacity u-opacity-70\"></div>\n      </div>\n    </nav>\n  </div>\n  <style data-mode=\"XL\" data-visited=\"true\">@media (min-width: 1200px){ .u-block-2a01-1 {background-image: none}\n.u-block-2a01-2 {min-height: 80px}\n.u-block-2a01-8 {width: 64px; height: 32px; margin-top: 22px; margin-right: auto; margin-bottom: 0px; margin-left: 0px}\n.u-block-2a01-10 {width: 100%; height: 100%}\n.u-block-2a01-11 {margin-top: -32px; margin-right: 0px; margin-bottom: 22px; margin-left: auto}\n.u-block-2a01-18 {font-weight: 700; font-size: 1rem}\n.u-block-2a01-16 {font-size: 1.25rem} }</style>\n  <style data-mode=\"LG\" data-visited=\"true\">@media (max-width: 1199px) and (min-width: 992px){ .u-block-2a01-1 {background-image: none}\n.u-block-2a01-2 {min-height: 80px}\n.u-block-2a01-8 {margin-top: 22px; margin-right: auto; margin-bottom: 0px; margin-left: 0px; width: 64px; height: 32px}\n.u-block-2a01-10 {width: 100%; height: 100%}\n.u-block-2a01-11 {width: auto; margin-top: -32px; margin-right: 0px; margin-bottom: 22px; margin-left: auto}\n.u-block-2a01-18 {font-size: 1rem; letter-spacing: normal; font-weight: 700}\n.u-block-2a01-16 {font-size: 1.25rem} }</style>\n  <style data-mode=\"MD\" data-visited=\"true\">@media (max-width: 991px) and (min-width: 768px){ .u-block-2a01-1 {background-image: none}\n.u-block-2a01-2 {min-height: 80px}\n.u-block-2a01-8 {margin-top: 22px; margin-right: auto; margin-bottom: 0px; margin-left: 0px; width: 64px; height: 32px}\n.u-block-2a01-10 {width: 100%; height: 100%}\n.u-block-2a01-11 {width: auto; margin-top: -32px; margin-right: 0px; margin-bottom: 22px; margin-left: auto}\n.u-block-2a01-18 {font-size: 1rem; letter-spacing: normal; font-weight: 700}\n.u-block-2a01-16 {font-size: 1.25rem} }</style>\n  <style data-mode=\"SM\" data-visited=\"true\">@media (max-width: 767px) and (min-width: 576px){ .u-block-2a01-1 {background-image: none}\n.u-block-2a01-2 {min-height: 80px}\n.u-block-2a01-8 {margin-top: 22px; margin-right: auto; margin-bottom: 0px; margin-left: 0px; width: 64px; height: 32px}\n.u-block-2a01-10 {width: 100%; height: 100%}\n.u-block-2a01-11 {width: auto; margin-top: -32px; margin-right: 0px; margin-bottom: 22px; margin-left: auto}\n.u-block-2a01-18 {font-size: 1rem; letter-spacing: normal; font-weight: 700}\n.u-block-2a01-16 {font-size: 1.25rem} }</style>\n  <style data-mode=\"XS\" data-visited=\"true\">@media (max-width: 575px){ .u-block-2a01-1 {background-image: none}\n.u-block-2a01-2 {min-height: 80px}\n.u-block-2a01-8 {margin-top: 22px; margin-right: auto; margin-bottom: 0px; margin-left: 0px; width: 64px; height: 32px}\n.u-block-2a01-10 {width: 100%; height: 100%}\n.u-block-2a01-11 {width: auto; margin-top: -32px; margin-right: 0px; margin-bottom: 22px; margin-left: auto}\n.u-block-2a01-18 {font-size: 1rem; letter-spacing: normal; font-weight: 700}\n.u-block-2a01-16 {font-size: 1.25rem} }</style>\n</section>","footerHtml":"<section class=\"u-align-center u-clearfix u-container-align-center u-footer u-grey-80 u-block-8424-1\" custom-posts-hash=\"T\" data-style=\"footer-1-text\" data-post-id=\"post6\" data-section-properties=\"{&quot;grid-spacing&quot;:&quot;30&quot;,&quot;spacingAdditional&quot;:&quot;none&quot;,&quot;align&quot;:&quot;&quot;,&quot;stretch&quot;:true}\" id=\"sec-ee3d\" data-source=\"\" data-id=\"8424\">\n  <div class=\"u-clearfix u-sheet u-block-8424-2\">\n    <p class=\"u-small-text u-text u-text-variant u-block-8424-6\">Sample text. Click to select the Text Element.</p>\n  </div>\n  <style data-mode=\"XL\" data-visited=\"true\">@media (min-width: 1200px){ .u-block-8424-1 {background-image: none}\n.u-block-8424-2 {min-height: 120px}\n.u-block-8424-6 {width: 417px; margin-top: 49px; margin-bottom: 49px; margin-left: auto; margin-right: auto} }</style>\n  <style data-mode=\"LG\" data-visited=\"true\">@media (max-width: 1199px) and (min-width: 992px){ .u-block-8424-1 {background-image: none}\n.u-block-8424-2 {min-height: 99px}\n.u-block-8424-6 {width: 417px; margin-top: 49px; margin-bottom: 49px; margin-left: auto; margin-right: auto} }</style>\n  <style data-mode=\"MD\" data-visited=\"true\">@media (max-width: 991px) and (min-width: 768px){ .u-block-8424-1 {background-image: none}\n.u-block-8424-2 {min-height: 76px}\n.u-block-8424-6 {width: 417px; margin-top: 49px; margin-bottom: 49px; margin-left: auto; margin-right: auto} }</style>\n  <style data-mode=\"SM\">@media (max-width: 767px) and (min-width: 576px){ .u-block-8424-1 {background-image: none}\n.u-block-8424-2 {min-height: 57px}\n.u-block-8424-6 {width: 417px; margin-top: 49px; margin-bottom: 49px; margin-left: auto; margin-right: auto} }</style>\n  <style data-mode=\"XS\" data-visited=\"true\">@media (max-width: 575px){ .u-block-8424-1 {background-image: none}\n.u-block-8424-2 {min-height: 36px}\n.u-block-8424-6 {width: 340px; margin-top: 49px; margin-bottom: 49px; margin-left: auto; margin-right: auto} }</style>\n</section>","hideBacklink":null,"dateUpdated":1753475539575,"settings":"{\"colorScheme\":{\"bodyColors\":[\"#111111\",\"#ffffff\"],\"bgColor\":\"#ffffff\",\"colors\":[\"#c4b35d\",\"#f05e34\",\"#ae9721\",\"#687f47\",\"#b9c1cc\"],\"shadingContrast\":\"body-alt-color\",\"whiteContrast\":\"body-color\",\"bgContrast\":\"body-color\",\"name\":\"u12\",\"customColors\":[]},\"fontScheme\":{\"name\":\"custom-font-family-3\",\"fonts\":{\"heading\":\"Titillium Web, sans-serif\",\"text\":\"Open Sans, sans-serif\",\"accent\":\"Arial, sans-serif\",\"headingTitle\":\"Titillium Web\",\"textTitle\":\"Open Sans\",\"rank\":10}},\"typography\":{\"name\":\"custom-page-typography-10\",\"title\":{\"font-weight\":\"400\",\"font-size\":4.5,\"line-height\":\"1_1\",\"margin-top\":20,\"margin-bottom\":20,\"SM\":{\"font-size\":3.75},\"XS\":{\"font-size\":3}},\"subtitle\":{\"font-weight\":\"400\",\"font-size\":2.25,\"line-height\":\"1_1\",\"margin-top\":20,\"margin-bottom\":20,\"XS\":{\"font-size\":1.5}},\"h1\":{\"font-size\":6,\"line-height\":\"1_1\",\"margin-top\":20,\"margin-bottom\":20,\"XS\":{\"font-size\":2.25,\"font-weight\":\"400\",\"font-style\":\"\",\"text-decoration\":\"\",\"text-transform\":\"\",\"line-height\":\"1_1\",\"letter-spacing\":\"\",\"text-color\":\"\",\"border-color\":\"\",\"border-style\":\"\",\"color\":\"\",\"border\":\"\",\"button-shape\":\"\",\"border-radius\":\"\",\"underline\":\"\",\"gradient\":\"\",\"list-icon-src\":\"\",\"list-icon-spacing\":\"0.3\",\"list-icon-size\":\"0.8\"},\"font-weight\":\"400\",\"font-style\":\"\",\"text-decoration\":\"\",\"text-transform\":\"\",\"letter-spacing\":\"\",\"text-color\":\"\",\"border-color\":\"\",\"border-style\":\"\",\"color\":\"\",\"border\":\"\",\"button-shape\":\"\",\"border-radius\":\"\",\"underline\":\"\",\"gradient\":\"\",\"list-icon-src\":\"\",\"list-icon-spacing\":\"0.3\",\"list-icon-size\":\"0.8\",\"font\":\"\",\"MD\":{\"font-size\":4.5,\"font-weight\":\"400\",\"font-style\":\"\",\"text-decoration\":\"\",\"text-transform\":\"\",\"line-height\":\"1_1\",\"letter-spacing\":\"\",\"text-color\":\"\",\"border-color\":\"\",\"border-style\":\"\",\"color\":\"\",\"border\":\"\",\"button-shape\":\"\",\"border-radius\":\"\",\"underline\":\"\",\"gradient\":\"\",\"list-icon-src\":\"\",\"list-icon-spacing\":\"0.3\",\"list-icon-size\":\"0.8\"},\"SM\":{\"font-size\":3.75,\"font-weight\":\"400\",\"font-style\":\"\",\"text-decoration\":\"\",\"text-transform\":\"\",\"line-height\":\"1_1\",\"letter-spacing\":\"\",\"text-color\":\"\",\"border-color\":\"\",\"border-style\":\"\",\"color\":\"\",\"border\":\"\",\"button-shape\":\"\",\"border-radius\":\"\",\"underline\":\"\",\"gradient\":\"\",\"list-icon-src\":\"\",\"list-icon-spacing\":\"0.3\",\"list-icon-size\":\"0.8\"}},\"h2\":{\"font-weight\":\"400\",\"font-size\":3.75,\"line-height\":\"1_1\",\"margin-top\":20,\"margin-bottom\":20,\"XS\":{\"font-size\":2.25,\"font-weight\":\"400\",\"font-style\":\"\",\"text-decoration\":\"\",\"text-transform\":\"\",\"line-height\":\"1_1\",\"letter-spacing\":\"\",\"text-color\":\"\",\"border-color\":\"\",\"border-style\":\"\",\"color\":\"\",\"border\":\"\",\"button-shape\":\"\",\"border-radius\":\"\",\"underline\":\"\",\"gradient\":\"\",\"list-icon-src\":\"\",\"list-icon-spacing\":\"0.3\",\"list-icon-size\":\"0.8\"},\"SM\":{\"font-size\":3},\"font\":\"\"},\"h3\":{\"font-size\":2.25,\"line-height\":\"1_2\",\"margin-top\":20,\"margin-bottom\":20,\"XS\":{\"font-size\":1.875,\"font-weight\":\"400\",\"font-style\":\"\",\"text-decoration\":\"\",\"text-transform\":\"\",\"line-height\":\"1_2\",\"letter-spacing\":\"\",\"text-color\":\"\",\"border-color\":\"\",\"border-style\":\"\",\"color\":\"\",\"border\":\"\",\"button-shape\":\"\",\"border-radius\":\"\",\"underline\":\"\",\"gradient\":\"\",\"list-icon-src\":\"\",\"list-icon-spacing\":\"0.3\",\"list-icon-size\":\"0.8\"},\"font-weight\":\"400\",\"font-style\":\"\",\"text-decoration\":\"\",\"text-transform\":\"\",\"letter-spacing\":\"\",\"text-color\":\"\",\"border-color\":\"\",\"border-style\":\"\",\"color\":\"\",\"border\":\"\",\"button-shape\":\"\",\"border-radius\":\"\",\"underline\":\"\",\"gradient\":\"\",\"list-icon-src\":\"\",\"list-icon-spacing\":\"0.3\",\"list-icon-size\":\"0.8\",\"font\":\"\"},\"h4\":{\"font-size\":1.375,\"line-height\":\"1_2\",\"margin-top\":20,\"margin-bottom\":20,\"font-weight\":500,\"font-style\":\"\",\"text-decoration\":\"\",\"text-transform\":\"\",\"letter-spacing\":\"\",\"text-color\":\"\",\"border-color\":\"\",\"border-style\":\"\",\"color\":\"\",\"border\":\"\",\"button-shape\":\"\",\"border-radius\":\"\",\"underline\":\"\",\"gradient\":\"\",\"list-icon-src\":\"\",\"list-icon-spacing\":\"0.3\",\"list-icon-size\":\"0.8\",\"font\":\"\"},\"h5\":{\"font-weight\":\"400\",\"font-size\":1.25,\"line-height\":\"1_2\",\"margin-top\":20,\"margin-bottom\":20},\"h6\":{\"font-weight\":\"400\",\"font-size\":1.125,\"line-height\":\"1_2\",\"margin-top\":20,\"margin-bottom\":20},\"largeText\":{\"font-size\":1.25,\"margin-top\":20,\"margin-bottom\":20},\"smallText\":{\"font-size\":0.875,\"margin-top\":20,\"margin-bottom\":20},\"text\":{\"margin-top\":20,\"margin-bottom\":20},\"hyperlink\":{\"text-color\":\"palette-1-base\"},\"link\":{},\"button\":{\"color\":\"palette-3-base\",\"margin-top\":20,\"margin-bottom\":20,\"border-color\":false,\"border-top-style\":\"none\",\"border-left-style\":\"none\",\"border-right-style\":\"none\",\"border-bottom-style\":\"none\",\"borders\":\"top right bottom left\",\"border-radius\":50,\"button-shape\":\"round\",\"image-size\":{\"width\":0,\"height\":0},\"image-fit\":\"cover\",\"image-zoom\":100,\"animation\":{\"animationName\":null,\"animationDuration\":null,\"animationDelay\":null,\"animationDirection\":null}},\"blockquote\":{\"font-style\":\"italic\",\"indent\":20,\"border\":4,\"border-color\":\"palette-1-base\",\"margin-top\":20,\"margin-bottom\":20},\"metadata\":{\"margin-top\":20,\"margin-bottom\":20},\"list\":{\"margin-top\":20,\"margin-bottom\":20},\"orderedlist\":{\"margin-top\":20,\"margin-bottom\":20},\"postContent\":{\"margin-top\":20,\"margin-bottom\":20},\"theme\":{\"gradient\":\"\",\"image\":\"\",\"sheet-width-xl\":1140,\"sheet-width-lg\":940,\"sheet-width-md\":720,\"sheet-width-sm\":540,\"sheet-width-xs\":340},\"htmlBaseSize\":16,\"form-input\":{\"border\":1,\"border-color\":\"grey-30\",\"borders\":\"top right bottom left\",\"color\":\"white\",\"text-color\":\"black\"}},\"backToTop\":\"<span style=\\\"height: 64px; width: 64px; margin-left: 0px; margin-right: auto; margin-top: 0px; background-image: none; right: 20px; bottom: 20px; padding: 15px\\\" class=\\\"u-back-to-top u-icon u-icon-circle u-opacity u-opacity-85 u-palette-1-base u-spacing-15\\\" data-href=\\\"#\\\">\\n        <svg class=\\\"u-svg-link\\\" preserveAspectRatio=\\\"xMidYMin slice\\\" viewBox=\\\"0 0 551.13 551.13\\\">\\n            <use xmlns:xlink=\\\"http://www.w3.org/1999/xlink\\\" xlink:href=\\\"#svg-1d98\\\"></use>\\n        </svg>\\n        <svg class=\\\"u-svg-content\\\" enable-background=\\\"new 0 0 551.13 551.13\\\" viewBox=\\\"0 0 551.13 551.13\\\" xmlns=\\\"http://www.w3.org/2000/svg\\\" id=\\\"svg-1d98\\\">\\n            <path d=\\\"m275.565 189.451 223.897 223.897h51.668l-275.565-275.565-275.565 275.565h51.668z\\\"></path>\\n        </svg>\\n    </span>\",\"themeBackLinks\":\"{\\\"data-wp-back-link\\\":\\\"https://nicepage.com/wordpress-themes\\\",\\\"data-wp-back-link-title\\\":\\\"WordPress Theme\\\",\\\"data-jm-back-link\\\":\\\"https://nicepage.com/joomla-templates\\\",\\\"data-jm-back-link-title\\\":\\\"Joomla Template\\\"}\",\"lang\":\"tr\",\"dialog\":[{\"id\":\"1\",\"name\":\"Ödeme Açılır Penceresi\",\"type\":\"payment\",\"sectionAnchorId\":\"popup-686e\",\"html\":\"<section class=\\\"u-black u-clearfix u-container-style u-dialog-block u-dialog-open u-opacity u-opacity-70 u-payment-dialog u-valign-middle u-block-e459-1\\\" style=\\\"\\\" data-id=\\\"e459\\\" data-posts-content=\\\"[{'images':[],'maps':[],'videos':[],'icons':[{}],'textWidth':'','textHeight':'','id':1,'groupId':1,'headingProp':'h5','textProp':'text'},{'images':[],'maps':[],'videos':[],'icons':[],'textWidth':'','textHeight':'','id':2,'groupId':1,'headingProp':'h5','textProp':'text'}]\\\" custom-posts-hash=\\\"[T,T,T]\\\" data-section-content=\\\"{'images':[],'headings':[{'repeater':true,'length':44,'cellsCount':1},{'repeater':false,'length':30,'cellsCount':1}],'texts':[{'repeater':true,'length':120,'cellsCount':1}],'tables':[],'customLists':[],'accordions':[],'textGroupCount':3,'textLength':168}\\\" data-style=\\\"payment-dialog\\\" id=\\\"popup-686e\\\" data-source=\\\"Sketch\\\">\\n  <div style=\\\"width: 570px; min-height: 578px; height: auto; box-shadow: 0px 0px 8px 0px rgba(var(--black-r),var(--black-g),var(--black-b),0.2); margin-top: 60px; margin-bottom: 60px; margin-left: auto; margin-right: auto\\\" class=\\\"u-align-center u-container-style u-dialog u-radius-25 u-shape-round u-white u-block-e459-2\\\">\\n    <div class=\\\"u-container-layout u-valign-top u-block-e459-3\\\" style=\\\"padding-top: 34px; padding-bottom: 34px; padding-left: 35px; padding-right: 35px\\\">\\n      <h5 class=\\\"u-align-left u-text u-block-e459-26\\\" style=\\\"font-weight: 700; margin-top: 0px; margin-right: 165.016px; margin-bottom: 0px; margin-left: 0px\\\">Buy Now</h5>\\n      <div class=\\\"u-expanded-width u-products u-block-e459-5\\\" style=\\\"margin-top: 30px; margin-bottom: 0px\\\" data-site-sorting-prop=\\\"created\\\" data-site-sorting-order=\\\"desc\\\">\\n        <div class=\\\"u-list-control\\\"></div>\\n        <div class=\\\"u-repeater u-block-e459-6\\\" style=\\\"grid-template-columns: 100%; min-height: 206px; grid-gap: 10px\\\">\\n          <div class=\\\"u-container-style u-products-item u-repeater-item u-block-e459-7\\\" style=\\\"\\\">\\n            <div class=\\\"u-container-layout u-similar-container u-block-e459-8\\\" style=\\\"padding-top: 0px; padding-left: 0px; padding-right: 0px; padding-bottom: 30px\\\">\\n              <h5 class=\\\"u-align-left u-product-control u-text u-block-e459-27\\\" style=\\\"background-image: none; margin-top: 0px; margin-bottom: 0px; margin-left: 0px; margin-right: 0px\\\">\\n                <a class=\\\"u-product-title-link\\\" href=\\\"#\\\">Product 1 Title</a>\\n              </h5>\\n              <div class=\\\"u-align-left u-product-control u-product-desc u-text u-block-e459-29\\\" style=\\\"font-size: 0.875rem; margin-top: 20px; margin-left: 0px; margin-right: 0px; margin-bottom: 0px\\\">\\n                <p>Sample text. Lorem ipsum dolor sit amet, consectetur adipiscing elit nullam nunc justo sagittis suscipit ultrices.</p>\\n              </div>\\n              <div class=\\\"u-align-left u-product-control u-product-quantity u-block-e459-35\\\" style=\\\"width: 125px; margin-top: 30px; margin-right: auto; margin-bottom: 0px; margin-left: 0px\\\">\\n                <div class=\\\"u-hidden u-quantity-label\\\">Quantity</div>\\n                <div class=\\\"u-border-1 u-border-grey-30 u-quantity-input u-radius-50\\\">\\n                  <a class=\\\"disabled minus u-button-style u-quantity-button u-text-body-color\\\">\\n                    <svg xmlns=\\\"http://www.w3.org/2000/svg\\\" viewBox=\\\"0 0 16 16\\\"><path d=\\\"m 4 8 h 8\\\" fill=\\\"none\\\" stroke=\\\"currentColor\\\" stroke-width=\\\"1\\\" fill-rule=\\\"evenodd\\\"></path></svg>\\n                  </a>\\n                  <input class=\\\"u-input u-block-e459-36\\\" type=\\\"text\\\" value=\\\"1\\\" pattern=\\\"[0-9]+\\\" style=\\\"\\\">\\n                  <a class=\\\"plus u-button-style u-quantity-button u-text-body-color\\\">\\n                    <svg xmlns=\\\"http://www.w3.org/2000/svg\\\" viewBox=\\\"0 0 16 16\\\"><path d=\\\"m 4 8 h 8 M 8 4 v 8\\\" fill=\\\"none\\\" stroke=\\\"currentColor\\\" stroke-width=\\\"1\\\" fill-rule=\\\"evenodd\\\"></path></svg>\\n                  </a>\\n                </div>\\n              </div>\\n              <div data-add-zero-cents=\\\"true\\\" class=\\\"u-align-left u-product-control u-product-price u-block-e459-12\\\" style=\\\"margin-top: -34px; margin-right: 0px; margin-bottom: 0px; margin-left: auto\\\">\\n                <div class=\\\"u-price-wrapper u-spacing-10\\\">\\n                  <div class=\\\"u-old-price\\\" style=\\\"text-decoration: line-through !important;\\\">$20.00</div>\\n                  <div class=\\\"u-price\\\" style=\\\"font-size: 1.25rem; font-weight: 700;\\\">$17.00</div>\\n                </div>\\n              </div>\\n            </div>\\n          </div>\\n        </div>\\n        <div class=\\\"u-list-control\\\"></div>\\n      </div>\\n      <div class=\\\"u-expanded-width u-payment-services u-tab-links-align-justify u-tab-payment u-tab-vertical u-tabs u-block-e459-38\\\" data-payment-order-approved-message=\\\"Your order has been approved. Thank you!\\\" data-payment-order-cancelled-message=\\\"Unable to process your order. Please try again later.\\\" style=\\\"min-height: 250px; min-width: 50px; margin-top: 0px; margin-bottom: 0px; margin-left: 0px; margin-right: 0px\\\">\\n        <ul class=\\\"u-tab-list u-unstyled u-block-e459-39\\\" role=\\\"tablist\\\" style=\\\"\\\"><li class=\\\"u-tab-item u-block-e459-40\\\" role=\\\"presentation\\\" style=\\\"\\\"><a class=\\\"active u-active-grey-10 u-button-style u-payment-paypal u-tab-link u-text-body-color u-block-e459-41\\\" id=\\\"link-tab-9cb3\\\" href=\\\"#tab-9cb3\\\" role=\\\"tab\\\" aria-controls=\\\"tab-9cb3\\\" aria-selected=\\\"true\\\" style=\\\"\\\"><input type=\\\"radio\\\" class=\\\"u-field-input u-grey-15 u-radius-15\\\" name=\\\"payment-group\\\" checked=\\\"checked\\\"><span>Paypal</span><svg class=\\\"u-svg-content\\\" xmlns=\\\"http://www.w3.org/2000/svg\\\" x=\\\"0px\\\" y=\\\"0px\\\"><path fill=\\\"#009EE3\\\" d=\\\"M11,5.9H18c3.8,0,5.2,1.9,4.9,4.7c-0.3,4.7-3.2,7.2-6.9,7.2h-1.9c-0.5,0-0.8,0.3-0.9,1.3l-0.8,4.3\\n  c-0.1,0.3-0.2,0.5-0.5,0.6H7.6c-0.4,0-0.5-0.3-0.4-1l2.6-16C9.9,6.3,10.2,5.9,11,5.9z\\\"></path><path fill=\\\"#113984\\\" d=\\\"M6.7,0h7.1c2,0,4.3,0.1,5.9,1.5c1.1,0.9,1.6,2.4,1.5,4c-0.4,5.4-3.7,8.5-8,8.5H9.6c-0.6,0-0.9,0.4-1.2,1.5\\n  l-0.9,5.1C7.4,21,7.3,21.3,7,21.3H2.6C2,21.3,1.9,21,2,20.1L5.2,1.3C5.3,0.4,5.7,0,6.7,0z\\\"></path><path fill=\\\"#172C70\\\" d=\\\"M8.6,14.8l1.3-7.9c0.1-0.7,0.5-1,1.3-1h7.1c1.2,0,2.1,0.2,2.8,0.5c-0.7,4.8-3.8,7.5-7.9,7.5H9.6\\n  C9.1,13.9,8.8,14.1,8.6,14.8z\\\"></path></svg>\\n</a>\\n</li><li class=\\\"u-tab-item u-block-e459-42\\\" role=\\\"presentation\\\" style=\\\"\\\"><a class=\\\"u-active-grey-10 u-button-style u-payment-stripe u-tab-link u-text-body-color u-block-e459-43\\\" id=\\\"link-tab-ab80\\\" href=\\\"#tab-ab80\\\" role=\\\"tab\\\" aria-controls=\\\"tab-ab80\\\" aria-selected=\\\"false\\\" style=\\\"\\\"><input type=\\\"radio\\\" class=\\\"u-field-input u-grey-15 u-radius-15\\\" name=\\\"payment-group\\\"><span>Stripe</span><svg class=\\\"u-svg-content\\\" xmlns=\\\"http://www.w3.org/2000/svg\\\" x=\\\"0px\\\" y=\\\"0px\\\" viewBox=\\\"0 0 24 24\\\"><path fill=\\\"#635BFF\\\" d=\\\"M14,9.2c-2.3-0.8-3.4-1.5-3.4-2.4c0-0.8,0.8-1.3,2-1.3c2.3,0,4.7,0.8,6.4,1.6l0.9-5.5\\n  c-1.3-0.5-4-1.6-7.7-1.6C9.6,0,7.5,0.7,5.8,1.9C4.1,3.2,3.4,4.9,3.4,7.2c0,4,2.6,5.7,6.8,7.2c2.7,0.9,3.6,1.6,3.6,2.5\\n  c0,0.9-0.9,1.6-2.4,1.6c-1.9,0-5.2-0.9-7.3-2.1L3,22c1.8,0.9,5.1,2,8.7,2c2.8,0,5.1-0.7,6.6-1.9c1.8-1.3,2.7-3.2,2.7-5.7\\n  C20.9,12.3,18.2,10.7,14,9.2L14,9.2z\\\"></path></svg>\\n</a>\\n</li></ul>\\n        <div class=\\\"u-tab-content u-block-e459-44\\\" style=\\\"\\\">\\n          <div class=\\\"u-container-style u-payment-paypal u-tab-active u-tab-pane u-block-e459-45\\\" id=\\\"tab-9cb3\\\" role=\\\"tabpanel\\\" aria-labelledby=\\\"link-tab-9cb3\\\" style=\\\"\\\">\\n            <div class=\\\"u-container-layout u-payment-services-inner u-block-e459-46\\\" style=\\\"padding-top: 20px; padding-right: 0; padding-bottom: 0; padding-left: 0\\\" data-payment-loading-message=\\\"Loading...\\\">Here you will see the payment buttons on the live website.</div>\\n          </div>\\n          <div class=\\\"u-container-style u-payment-stripe u-tab-pane u-block-e459-47\\\" id=\\\"tab-ab80\\\" role=\\\"tabpanel\\\" aria-labelledby=\\\"link-tab-ab80\\\" style=\\\"\\\">\\n            <div class=\\\"u-container-layout u-block-e459-48\\\" style=\\\"padding-top: 20px; padding-right: 0; padding-bottom: 0; padding-left: 0\\\">\\n              <a href=\\\"#\\\" class=\\\"u-btn u-button-style u-stripe-button u-block-e459-49\\\" style=\\\"width: 100%; margin-top: 0; margin-bottom: 0; margin-left: auto; margin-right: auto\\\">Pay with Stripe</a>\\n            </div>\\n          </div>\\n        </div>\\n      </div>\\n    </div>\\n    <button class=\\\"u-dialog-close-button u-icon u-text-grey-40 u-block-e459-4\\\" style=\\\"width: 20.0939px; height: 20.0939px; left: auto; top: 35.9532px; position: absolute; right: 35px; padding-top: 0px; padding-bottom: 0px; padding-left: 0px; padding-right: 0px\\\">\\n      <svg class=\\\"u-svg-link\\\" preserveAspectRatio=\\\"xMidYMin slice\\\" viewBox=\\\"0 0 16 16\\\" style=\\\"\\\"><use xmlns:xlink=\\\"http://www.w3.org/1999/xlink\\\" xlink:href=\\\"#svg-efe9\\\"></use></svg>\\n      <svg xmlns=\\\"http://www.w3.org/2000/svg\\\" xmlns:xlink=\\\"http://www.w3.org/1999/xlink\\\" version=\\\"1.1\\\" xml:space=\\\"preserve\\\" class=\\\"u-svg-content\\\" viewBox=\\\"0 0 16 16\\\" x=\\\"0px\\\" y=\\\"0px\\\" id=\\\"svg-efe9\\\"><rect x=\\\"7\\\" y=\\\"0\\\" transform=\\\"matrix(0.7071 -0.7071 0.7071 0.7071 -3.3138 8.0002)\\\" width=\\\"2\\\" height=\\\"16\\\"></rect><rect x=\\\"0\\\" y=\\\"7\\\" transform=\\\"matrix(0.7071 -0.7071 0.7071 0.7071 -3.3138 8.0002)\\\" width=\\\"16\\\" height=\\\"2\\\"></rect></svg>\\n    </button>\\n  </div>\\n  <style data-mode=\\\"XL\\\" data-visited=\\\"true\\\">@media (max-width: 0px) { .u-block-e459-2 {width: 570px; min-height: 578px; height: auto; box-shadow: 0px 0px 8px 0px rgba(var(--black-r),var(--black-g),var(--black-b),0.2); margin-top: 60px; margin-bottom: 60px; margin-left: auto; margin-right: auto}\\n.u-block-e459-3 {padding-top: 34px; padding-bottom: 34px; padding-left: 35px; padding-right: 35px}\\n.u-block-e459-26 {font-weight: 700; margin-top: 0px; margin-right: 165.016px; margin-bottom: 0px; margin-left: 0px}\\n.u-block-e459-5 {margin-top: 30px; margin-bottom: 0px}\\n.u-block-e459-6 {grid-template-columns: 100%; min-height: 206px; grid-gap: 10px}\\n.u-block-e459-8 {padding-top: 0px; padding-left: 0px; padding-right: 0px; padding-bottom: 30px}\\n.u-block-e459-27 {background-image: none; margin-top: 0px; margin-bottom: 0px; margin-left: 0px; margin-right: 0px}\\n.u-block-e459-29 {font-size: 0.875rem; margin-top: 20px; margin-left: 0px; margin-right: 0px; margin-bottom: 0px}\\n.u-block-e459-35 {width: 125px; margin-top: 30px; margin-right: auto; margin-bottom: 0px; margin-left: 0px}\\n.u-block-e459-12 {margin-top: -34px; margin-right: 0px; margin-bottom: 0px; margin-left: auto}\\n.u-block-e459-38 {min-height: 250px; min-width: 50px; margin-top: 0px; margin-bottom: 0px; margin-left: 0px; margin-right: 0px}\\n.u-block-e459-46 {padding-top: 20px; padding-right: 0; padding-bottom: 0; padding-left: 0}\\n.u-block-e459-48 {padding-top: 20px; padding-right: 0; padding-bottom: 0; padding-left: 0}\\n.u-block-e459-49 {width: 100%; margin-top: 0; margin-bottom: 0; margin-left: auto; margin-right: auto}\\n.u-block-e459-4 {width: 20.0939px; height: 20.0939px; left: auto; top: 35.9532px; position: absolute; right: 35px; padding-top: 0px; padding-bottom: 0px; padding-left: 0px; padding-right: 0px} }</style>\\n  <style data-mode=\\\"LG\\\" data-visited=\\\"true\\\">@media (max-width: 0px) { .u-block-e459-2 {box-shadow: 0px 0px 8px 0px rgba(var(--black-r),var(--black-g),var(--black-b),0.2); width: 570px; height: auto; margin-top: 60px; margin-left: auto; margin-right: auto; margin-bottom: 60px; min-height: 578px}\\n.u-block-e459-3 {padding-top: 34px; padding-bottom: 34px; padding-left: 35px; padding-right: 35px}\\n.u-block-e459-26 {font-weight: 700; margin-top: 0px; margin-right: 165px; margin-bottom: 0px; margin-left: 0px}\\n.u-block-e459-5 {margin-top: 30px; margin-bottom: 0px}\\n.u-block-e459-6 {grid-template-columns: 100%; min-height: 206px; grid-gap: 10px}\\n.u-block-e459-8 {padding-top: 0px; padding-left: 0px; padding-right: 0px; padding-bottom: 30px}\\n.u-block-e459-27 {background-image: none; margin-top: 0px; margin-bottom: 0px; margin-left: 0px; margin-right: 0px}\\n.u-block-e459-29 {font-size: 0.875rem; margin-top: 20px; margin-left: 0px; margin-right: 0px; margin-bottom: 0px}\\n.u-block-e459-35 {width: 125px; margin-top: 30px; margin-right: auto; margin-bottom: 0px; margin-left: 0px}\\n.u-block-e459-12 {margin-top: -34px; margin-right: 0px; margin-bottom: 0px; margin-left: auto}\\n.u-block-e459-38 {min-height: 250px; min-width: 50px; margin-top: 0px; margin-bottom: 0px}\\n.u-block-e459-46 {padding-top: 20px; padding-bottom: 0; padding-left: 0; padding-right: 0}\\n.u-block-e459-48 {padding-top: 20px; padding-bottom: 0; padding-left: 0; padding-right: 0}\\n.u-block-e459-49 {width: 100%; margin-top: 0; margin-bottom: 0; margin-left: auto; margin-right: auto}\\n.u-block-e459-4 {width: 20.0939px; height: 20.0939px; left: auto; top: 35.9532px; position: absolute; right: 35px; padding-top: 0px; padding-bottom: 0px; padding-left: 0px; padding-right: 0px} }</style>\\n  <style data-mode=\\\"MD\\\" data-visited=\\\"true\\\">@media (max-width: 0px) { .u-block-e459-2 {box-shadow: 0px 0px 8px 0px rgba(var(--black-r),var(--black-g),var(--black-b),0.2); width: 570px; height: auto; margin-top: 60px; margin-left: auto; margin-right: auto; margin-bottom: 60px; min-height: 578px}\\n.u-block-e459-3 {padding-top: 30px; padding-bottom: 30px; padding-left: 30px; padding-right: 30px}\\n.u-block-e459-26 {font-weight: 700; margin-top: 0px; margin-right: 165px; margin-bottom: 0px; margin-left: 0px}\\n.u-block-e459-5 {margin-top: 30px; margin-bottom: 0px}\\n.u-block-e459-6 {grid-template-columns: 100%; min-height: 206px; grid-gap: 10px}\\n.u-block-e459-8 {padding-top: 0px; padding-left: 0px; padding-right: 0px; padding-bottom: 30px}\\n.u-block-e459-27 {background-image: none; margin-top: 0px; margin-bottom: 0px; margin-left: 0px; margin-right: 0px}\\n.u-block-e459-29 {font-size: 0.875rem; margin-top: 20px; margin-left: 0px; margin-right: 0px; margin-bottom: 0px}\\n.u-block-e459-35 {width: 125px; margin-top: 30px; margin-right: auto; margin-bottom: 0px; margin-left: 0px}\\n.u-block-e459-12 {margin-top: -34px; margin-right: 0px; margin-bottom: 0px; margin-left: auto}\\n.u-block-e459-38 {min-height: 250px; min-width: 50px; margin-top: 0px; margin-bottom: 0px}\\n.u-block-e459-46 {padding-top: 20px; padding-bottom: 0px; padding-left: 0px; padding-right: 0px}\\n.u-block-e459-48 {padding-top: 20px; padding-bottom: 0px; padding-left: 0px; padding-right: 0px}\\n.u-block-e459-49 {width: 100%; margin-top: 0; margin-bottom: 0; margin-left: auto; margin-right: auto}\\n.u-block-e459-4 {width: 20.0939px; height: 20.0939px; left: auto; top: 31.9532px; position: absolute; right: 30px; padding-top: 0px; padding-bottom: 0px; padding-left: 0px; padding-right: 0px} }</style>\\n  <style data-mode=\\\"SM\\\" data-visited=\\\"true\\\">@media (max-width: 0px) { .u-block-e459-2 {box-shadow: 0px 0px 8px 0px rgba(var(--black-r),var(--black-g),var(--black-b),0.2); width: 540px; height: auto; margin-top: 60px; margin-left: auto; margin-right: auto; margin-bottom: 60px; min-height: 578px}\\n.u-block-e459-3 {padding-top: 30px; padding-bottom: 30px; padding-left: 30px; padding-right: 30px}\\n.u-block-e459-26 {font-weight: 700; margin-top: 0px; margin-right: 165px; margin-bottom: 0px; margin-left: 0px}\\n.u-block-e459-5 {margin-top: 30px; margin-bottom: 0px}\\n.u-block-e459-6 {grid-template-columns: 100%; min-height: 206px; grid-gap: 10px}\\n.u-block-e459-8 {padding-top: 0px; padding-left: 0px; padding-right: 0px; padding-bottom: 30px}\\n.u-block-e459-27 {background-image: none; margin-top: 0px; margin-bottom: 0px; margin-left: 0px; margin-right: 0px}\\n.u-block-e459-29 {font-size: 0.875rem; margin-top: 20px; margin-left: 0px; margin-right: 0px; margin-bottom: 0px}\\n.u-block-e459-35 {width: 125px; margin-top: 30px; margin-right: auto; margin-bottom: 0px; margin-left: 0px}\\n.u-block-e459-12 {margin-top: -34px; margin-right: 0px; margin-bottom: 0px; margin-left: auto}\\n.u-block-e459-38 {min-height: 250px; min-width: 50px; margin-top: 0px; margin-bottom: 0px}\\n.u-block-e459-46 {padding-top: 20px; padding-bottom: 0px; padding-left: 0px; padding-right: 0px}\\n.u-block-e459-48 {padding-top: 20px; padding-bottom: 0px; padding-left: 0px; padding-right: 0px}\\n.u-block-e459-49 {width: 100%; margin-top: 0; margin-bottom: 0; margin-left: auto; margin-right: auto}\\n.u-block-e459-4 {width: 20.0939px; height: 20.0939px; left: auto; top: 31.9532px; position: absolute; right: 30px; padding-top: 0px; padding-bottom: 0px; padding-left: 0px; padding-right: 0px} }</style>\\n  <style data-mode=\\\"XS\\\" data-visited=\\\"true\\\">@media (max-width: 0px) { .u-block-e459-2 {box-shadow: 0px 0px 8px 0px rgba(var(--black-r),var(--black-g),var(--black-b),0.2); width: 340px; height: auto; margin-top: 60px; margin-left: auto; margin-right: auto; margin-bottom: 60px; min-height: 578px}\\n.u-block-e459-3 {padding-top: 30px; padding-bottom: 30px; padding-left: 20px; padding-right: 20px}\\n.u-block-e459-26 {font-weight: 700; margin-top: 0px; margin-right: 5px; margin-bottom: 0px; margin-left: 0px}\\n.u-block-e459-5 {margin-top: 30px; margin-bottom: 0px}\\n.u-block-e459-6 {grid-template-columns: 100%; min-height: 206px; grid-gap: 10px}\\n.u-block-e459-8 {padding-top: 0px; padding-left: 0px; padding-right: 0px; padding-bottom: 30px}\\n.u-block-e459-27 {background-image: none; margin-top: 0px; margin-bottom: 0px; margin-left: 0px; margin-right: 0px}\\n.u-block-e459-29 {font-size: 0.875rem; margin-top: 20px; margin-left: 0px; margin-right: 0px; margin-bottom: 0px}\\n.u-block-e459-35 {width: 125px; margin-top: 30px; margin-right: auto; margin-bottom: 0px; margin-left: 0px}\\n.u-block-e459-12 {margin-top: -34px; margin-right: 0px; margin-bottom: 0px; margin-left: auto}\\n.u-block-e459-38 {min-height: 250px; min-width: 50px; margin-top: 0px; margin-bottom: 0px}\\n.u-block-e459-46 {padding-top: 20px; padding-bottom: 0px; padding-left: 0px; padding-right: 0px}\\n.u-block-e459-48 {padding-top: 20px; padding-bottom: 0px; padding-left: 0px; padding-right: 0px}\\n.u-block-e459-49 {width: 100%; margin-top: 0; margin-bottom: 0; margin-left: auto; margin-right: auto}\\n.u-block-e459-4 {width: 20.0939px; height: 20.0939px; left: auto; top: 31.9532px; position: absolute; right: 20px; padding-top: 0px; padding-bottom: 0px; padding-left: 0px; padding-right: 0px} }</style>\\n</section>\",\"showOn\":\"click\",\"showOnList\":[]}],\"title\":\"karatasenergy\",\"homePageId\":\"26418741\",\"langs\":[{\"id\":\"1\",\"name\":\"tr\",\"title\":\"Turkish\"}],\"publishNicePageCss\":\"\",\"publishHeader\":\"\",\"publishFooter\":\"\",\"publishHeaderTranslations\":{},\"publishFooterTranslations\":{},\"cookiesConsent\":{\"publishCookiesSection\":\"\",\"hideCookies\":true,\"cookieConfirmCode\":\"\",\"cookiesSection\":\"\"},\"cookiesSection\":\"<section class=\\\"u-align-center u-block-37fd-1 u-clearfix u-container-align-center u-cookies-consent u-grey-80\\\" custom-posts-hash=\\\"T\\\" style=\\\"background-image: none\\\" data-post-id=\\\"1\\\" data-section-properties=\\\"{&quot;stretch&quot;:true}\\\" data-id=\\\"37fd\\\" data-posts-content=\\\"[{'images':[],'maps':[],'videos':[],'icons':[],'textWidth':817,'textHeight':203,'id':1,'headingProp':'h3','textProp':'text'}]\\\" data-section-content=\\\"{'images':[],'headings':[{'repeater':false,'length':26,'cellsCount':1}],'texts':[{'repeater':false,'length':62,'cellsCount':1}],'tables':[],'customLists':[],'accordions':[],'textGroupCount':1,'textLength':96}\\\" data-custom-colors=\\\"[]\\\" data-style=\\\"cookie-1\\\" id=\\\"gdpr\\\" data-outline-name=\\\"Çerezler Açılır Penceresi\\\" data-source=\\\"\\\">\\n    <div class=\\\"u-block-37fd-2 u-clearfix u-sheet u-valign-middle\\\" style=\\\"min-height: 263px\\\" data-height-lg=\\\"158\\\" data-height-md=\\\"131\\\" data-height-sm=\\\"106\\\" data-height-xs=\\\"225\\\">\\n        <div class=\\\"data-layout-selected u-block-37fd-7 u-clearfix u-expanded-width u-layout-wrap\\\" style=\\\"margin-top: 30px; margin-bottom: 30px\\\">\\n            <div class=\\\"u-gutter-0 u-layout\\\">\\n                <div class=\\\"u-layout-row\\\">\\n                    <div class=\\\"u-block-37fd-8 u-container-style u-layout-cell u-left-cell u-size-43\\\" style=\\\"min-height: 203px\\\">\\n                        <div class=\\\"u-block-37fd-9 u-container-layout\\\" style=\\\"padding-top: 0px; padding-bottom: 0px; padding-left: 60px; padding-right: 60px\\\">\\n                            <h3 class=\\\"u-block-37fd-6 u-text u-text-default\\\" style=\\\"margin-top: 0px; margin-right: 20px; margin-bottom: 0px\\\">Cookies &amp; Privacy</h3>\\n                            <p class=\\\"u-block-37fd-5 u-text u-text-default\\\" style=\\\"margin-top: 8px; margin-right: 20px; margin-bottom: 0px; margin-left: 0px\\\">This website uses cookies to ensure you get the best experience on our website.</p>\\n                            <div class=\\\"custom-expanded u-block-37fd-12 u-cookie-preferences\\\" style=\\\"width: 697px; margin-top: 20.5px; margin-left: 0px; margin-right: 0px; margin-bottom: 0px\\\">\\n                                <label class=\\\"u-block-37fd-13 u-form-control-hidden u-label\\\" style=\\\"\\\"></label>\\n                                <div class=\\\"u-form-checkbox-group-wrapper\\\" data-field=\\\"checkbox\\\">\\n                                    <div class=\\\"u-input-row\\\">\\n                                        <input id=\\\"field-cookie-necessary\\\" disabled=\\\"\\\" type=\\\"checkbox\\\" name=\\\"cookie-preferences\\\" value=\\\"necessary\\\" class=\\\"u-field-input\\\" checked=\\\"checked\\\">\\n                                        <label class=\\\"u-field-label\\\" for=\\\"field-cookie-necessary\\\">Strictly Necessary</label>\\n                                    </div>\\n                                    <div class=\\\"u-input-row\\\">\\n                                        <input id=\\\"field-cookie-analytics\\\" checked=\\\"checked\\\" type=\\\"checkbox\\\" name=\\\"cookie-preferences\\\" value=\\\"analytics\\\" class=\\\"u-field-input\\\">\\n                                        <label class=\\\"u-field-label\\\" for=\\\"field-cookie-analytics\\\">Analytics</label>\\n                                    </div>\\n                                    <div class=\\\"u-input-row\\\">\\n                                        <input id=\\\"field-cookie-statistics\\\" checked=\\\"checked\\\" type=\\\"checkbox\\\" name=\\\"cookie-preferences\\\" value=\\\"statistics\\\" class=\\\"u-field-input\\\">\\n                                        <label class=\\\"u-field-label\\\" for=\\\"field-cookie-statistics\\\">Statistics</label>\\n                                    </div>\\n                                    <div class=\\\"u-input-row\\\">\\n                                        <input id=\\\"field-cookie-form-submissions\\\" checked=\\\"checked\\\" type=\\\"checkbox\\\" name=\\\"cookie-preferences\\\" value=\\\"submissions\\\" class=\\\"u-field-input\\\">\\n                                        <label class=\\\"u-field-label\\\" for=\\\"field-cookie-form-submissions\\\">Form Submissions</label>\\n                                    </div>\\n                                </div>\\n                            </div>\\n                        </div>\\n                    </div>\\n                    <div class=\\\"u-align-left u-block-37fd-10 u-container-align-left u-container-style u-layout-cell u-right-cell u-size-17\\\" style=\\\"min-height: 203px\\\">\\n                        <div class=\\\"u-block-37fd-11 u-container-layout\\\" style=\\\"padding-top: 30px; padding-bottom: 30px; padding-left: 29.2377px; padding-right: 29.2377px\\\">\\n                            <a href=\\\"\\\" class=\\\"u-block-37fd-14 u-btn u-button-decline u-button-style\\\" style=\\\"margin-top: 50.5px; margin-right: -0.0001px; margin-bottom: 0px; margin-left: auto\\\">Decline</a>\\n                            <a href=\\\"###\\\" class=\\\"u-block-37fd-3 u-btn u-button-confirm u-button-style u-palette-1-base\\\" style=\\\"margin-top: -42.4001px; margin-right: auto; margin-bottom: 0px; margin-left: 0.2503px\\\">Confirm</a>\\n                        </div>\\n                    </div>\\n                </div>\\n            </div>\\n        </div>\\n    </div>\\n    <style data-mode=\\\"XL\\\">@media (max-width: 0px) { .u-block-37fd-1 {background-image: none}\\n.u-block-37fd-2 {min-height: 263px}\\n.u-block-37fd-7 {margin-top: 30px; margin-bottom: 30px}\\n.u-block-37fd-8 {min-height: 203px}\\n.u-block-37fd-9 {padding-top: 0px; padding-bottom: 0px; padding-left: 60px; padding-right: 60px}\\n.u-block-37fd-6 {margin-top: 0px; margin-right: 20px; margin-bottom: 0px}\\n.u-block-37fd-5 {margin-top: 8px; margin-right: 20px; margin-bottom: 0px; margin-left: 0px}\\n.u-block-37fd-12 {width: 697px; margin-top: 20.5px; margin-left: 0px; margin-right: 0px; margin-bottom: 0px}\\n.u-block-37fd-10 {min-height: 203px}\\n.u-block-37fd-11 {padding-top: 30px; padding-bottom: 30px; padding-left: 29.2377px; padding-right: 29.2377px}\\n.u-block-37fd-14 {margin-top: 50.5px; margin-right: -0.0001px; margin-bottom: 0px; margin-left: auto}\\n.u-block-37fd-3 {margin-top: -42.4001px; margin-right: auto; margin-bottom: 0px; margin-left: 0.2503px} }</style>\\n    <style data-mode=\\\"LG\\\">@media (max-width: 0px) { .u-block-37fd-1 {background-image: none}\\n.u-block-37fd-2 {min-height: 131px}\\n.u-block-37fd-7 {margin-top: 30px; margin-bottom: 30px}\\n.u-block-37fd-8 {min-height: 167px}\\n.u-block-37fd-9 {padding-top: 0px; padding-bottom: 0px; padding-left: 60px; padding-right: 60px}\\n.u-block-37fd-6 {margin-top: 0px; margin-right: 0px; margin-bottom: 0px}\\n.u-block-37fd-5 {margin-top: 8px; margin-right: 0px; margin-bottom: 0px; margin-left: 0px}\\n.u-block-37fd-12 {margin-top: 20.5px; margin-bottom: 0px; width: 554px; margin-left: 0px; margin-right: 0px}\\n.u-block-37fd-10 {min-height: 167px}\\n.u-block-37fd-11 {padding-top: 30px; padding-bottom: 30px; padding-left: 29.2377px; padding-right: 29.2377px}\\n.u-block-37fd-14 {margin-top: 50.5px; margin-right: 0px; margin-bottom: 0px; margin-left: auto}\\n.u-block-37fd-3 {margin-top: -42px; margin-right: auto; margin-bottom: 0px; margin-left: 0px} }</style>\\n    <style data-mode=\\\"MD\\\">@media (max-width: 0px) { .u-block-37fd-1 {background-image: none}\\n.u-block-37fd-2 {min-height: 106px}\\n.u-block-37fd-7 {margin-top: 30px; margin-bottom: 30px}\\n.u-block-37fd-8 {min-height: 100px}\\n.u-block-37fd-9 {padding-top: 0px; padding-bottom: 0px; padding-left: 30px; padding-right: 30px}\\n.u-block-37fd-6 {margin-top: 0px; margin-right: 0px; margin-bottom: 0px}\\n.u-block-37fd-5 {margin-top: 8px; margin-right: 0px; margin-bottom: 0px; margin-left: 0px}\\n.u-block-37fd-12 {margin-top: 20.5px; margin-bottom: 0px; width: 456px; margin-left: 0px; margin-right: 0px}\\n.u-block-37fd-10 {min-height: 100px}\\n.u-block-37fd-11 {padding-top: 30px; padding-bottom: 30px; padding-left: 29.2377px; padding-right: 29.2377px}\\n.u-block-37fd-14 {margin-top: 50.5px; margin-right: 0px; margin-bottom: 0px; margin-left: auto}\\n.u-block-37fd-3 {margin-top: -42px; margin-right: auto; margin-bottom: 0px; margin-left: 0px} }</style>\\n    <style data-mode=\\\"SM\\\">@media (max-width: 0px) { .u-block-37fd-1 {background-image: none}\\n.u-block-37fd-2 {min-height: 225px}\\n.u-block-37fd-7 {margin-top: 30px; margin-bottom: 30px}\\n.u-block-37fd-8 {min-height: 100px}\\n.u-block-37fd-9 {padding-top: 0px; padding-left: 10px; padding-right: 10px; padding-bottom: 20px}\\n.u-block-37fd-6 {margin-top: 0px; margin-right: 0px; margin-bottom: 0px}\\n.u-block-37fd-5 {margin-top: 8px; margin-right: 0px; margin-bottom: 0px; margin-left: 0px}\\n.u-block-37fd-12 {margin-top: 20.5px; margin-bottom: 0px; width: 456px; margin-left: 0px; margin-right: 0px}\\n.u-block-37fd-10 {min-height: 100px}\\n.u-block-37fd-11 {padding-top: 10px; padding-bottom: 10px; padding-left: 10px; padding-right: 10px}\\n.u-block-37fd-14 {margin-top: 50.5px; margin-right: 0px; margin-bottom: 0px; margin-left: auto}\\n.u-block-37fd-3 {margin-top: -42px; margin-right: auto; margin-bottom: 0px; margin-left: 0px} }</style>\\n    <style data-mode=\\\"XS\\\">@media (max-width: 0px) { .u-block-37fd-1 {background-image: none}\\n.u-block-37fd-2 {min-height: 121px}\\n.u-block-37fd-7 {margin-top: 30px; margin-bottom: 30px}\\n.u-block-37fd-8 {min-height: 100px}\\n.u-block-37fd-9 {padding-top: 0px; padding-bottom: 20px; padding-left: 10px; padding-right: 10px}\\n.u-block-37fd-6 {margin-top: 0px; margin-right: 0px; margin-bottom: 0px}\\n.u-block-37fd-5 {margin-top: 8px; margin-right: 0px; margin-bottom: 0px; margin-left: 0px}\\n.u-block-37fd-12 {margin-top: 20.5px; margin-bottom: 0px; width: 320px; margin-left: 0px; margin-right: 0px}\\n.u-block-37fd-10 {min-height: 100px}\\n.u-block-37fd-11 {padding-top: 10px; padding-bottom: 10px; padding-left: 10px; padding-right: 10px}\\n.u-block-37fd-14 {margin-top: 50.5px; margin-right: 0px; margin-bottom: 0px; margin-left: auto}\\n.u-block-37fd-3 {margin-top: -42px; margin-right: auto; margin-bottom: 0px; margin-left: 0px} }</style>\\n</section>\",\"captchaSiteKey\":\"6LetPRgiAAAAAGX121nVdkYGTN-RfCXh4wAlbDFh\",\"captchaSecretKey\":\"\"}","title":"karatasenergy","siteStyleCss":"<style id=\"color-scheme\" color-scheme=\"u12\" color-style=\"multicolor-1\">.u-body {\n--none: transparent;\n--none-darker: transparent;\n--none-r: 255;\n--none-g: 255;\n--none-b: 255;\n--none-contrast: body-color;\n--none-contrast-darker: body-color;\n--none-text-color: var(--body-color);\n--transparent: transparent;\n--transparent-darker: transparent;\n--transparent-r: 255;\n--transparent-g: 255;\n--transparent-b: 255;\n--transparent-contrast: body-color;\n--transparent-contrast-darker: body-color;\n--transparent-text-color: var(--body-color);\n--body-color: #111111;\n--body-color-darker: #0f0f0f;\n--body-color-r: 17;\n--body-color-g: 17;\n--body-color-b: 17;\n--body-color-contrast: white;\n--body-color-contrast-darker: white;\n--body-color-text-color: var(--body-alt-color);\n--body-alt-color: #ffffff;\n--body-alt-color-darker: #e6e6e6;\n--body-alt-color-r: 255;\n--body-alt-color-g: 255;\n--body-alt-color-b: 255;\n--body-alt-color-contrast: black;\n--body-alt-color-contrast-darker: black;\n--body-alt-color-text-color: var(--body-color);\n--bg-color: #ffffff;\n--bg-color-darker: #e6e6e6;\n--bg-color-r: 255;\n--bg-color-g: 255;\n--bg-color-b: 255;\n--bg-color-contrast: black;\n--bg-color-contrast-darker: black;\n--bg-color-text-color: var(--body-color);\n--palette-1-base: #c4b35d;\n--palette-1-base-darker: #bca948;\n--palette-1-base-r: 196;\n--palette-1-base-g: 179;\n--palette-1-base-b: 93;\n--palette-1-base-contrast: white;\n--palette-1-base-contrast-darker: white;\n--palette-1-base-text-color: var(--body-alt-color);\n--palette-1-dark-3: #333129;\n--palette-1-dark-3-darker: #2e2c25;\n--palette-1-dark-3-r: 51;\n--palette-1-dark-3-g: 49;\n--palette-1-dark-3-b: 41;\n--palette-1-dark-3-contrast: white;\n--palette-1-dark-3-contrast-darker: white;\n--palette-1-dark-3-text-color: var(--body-alt-color);\n--palette-1-dark-2: #635e45;\n--palette-1-dark-2-darker: #59553e;\n--palette-1-dark-2-r: 99;\n--palette-1-dark-2-g: 94;\n--palette-1-dark-2-b: 69;\n--palette-1-dark-2-contrast: white;\n--palette-1-dark-2-contrast-darker: white;\n--palette-1-dark-2-text-color: var(--body-alt-color);\n--palette-1-dark-1: #948a56;\n--palette-1-dark-1-darker: #857c4d;\n--palette-1-dark-1-r: 148;\n--palette-1-dark-1-g: 138;\n--palette-1-dark-1-b: 86;\n--palette-1-dark-1-contrast: white;\n--palette-1-dark-1-contrast-darker: white;\n--palette-1-dark-1-text-color: var(--body-alt-color);\n--palette-1: #c4b35d;\n--palette-1-darker: #bca948;\n--palette-1-r: 196;\n--palette-1-g: 179;\n--palette-1-b: 93;\n--palette-1-contrast: white;\n--palette-1-contrast-darker: white;\n--palette-1-text-color: var(--body-alt-color);\n--palette-1-light-1: #d6c987;\n--palette-1-light-1-darker: #cdbd6d;\n--palette-1-light-1-r: 214;\n--palette-1-light-1-g: 201;\n--palette-1-light-1-b: 135;\n--palette-1-light-1-contrast: black;\n--palette-1-light-1-contrast-darker: black;\n--palette-1-light-1-text-color: var(--body-color);\n--palette-1-light-2: #e7dfb7;\n--palette-1-light-2-darker: #ddd198;\n--palette-1-light-2-r: 231;\n--palette-1-light-2-g: 223;\n--palette-1-light-2-b: 183;\n--palette-1-light-2-contrast: black;\n--palette-1-light-2-contrast-darker: black;\n--palette-1-light-2-text-color: var(--body-color);\n--palette-1-light-3: #f9f7ec;\n--palette-1-light-3-darker: #ede7c7;\n--palette-1-light-3-r: 249;\n--palette-1-light-3-g: 247;\n--palette-1-light-3-b: 236;\n--palette-1-light-3-contrast: black;\n--palette-1-light-3-contrast-darker: black;\n--palette-1-light-3-text-color: var(--body-color);\n--palette-2-base: #f05e34;\n--palette-2-base-darker: #ee4819;\n--palette-2-base-r: 240;\n--palette-2-base-g: 94;\n--palette-2-base-b: 52;\n--palette-2-base-contrast: white;\n--palette-2-base-contrast-darker: white;\n--palette-2-base-text-color: var(--body-alt-color);\n--palette-2-dark-3: #332b29;\n--palette-2-dark-3-darker: #2e2725;\n--palette-2-dark-3-r: 51;\n--palette-2-dark-3-g: 43;\n--palette-2-dark-3-b: 41;\n--palette-2-dark-3-contrast: white;\n--palette-2-dark-3-contrast-darker: white;\n--palette-2-dark-3-text-color: var(--body-alt-color);\n--palette-2-dark-2: #724f45;\n--palette-2-dark-2-darker: #67473e;\n--palette-2-dark-2-r: 114;\n--palette-2-dark-2-g: 79;\n--palette-2-dark-2-b: 69;\n--palette-2-dark-2-contrast: white;\n--palette-2-dark-2-contrast-darker: white;\n--palette-2-dark-2-text-color: var(--body-alt-color);\n--palette-2-dark-1: #b16049;\n--palette-2-dark-1-darker: #9f5642;\n--palette-2-dark-1-r: 177;\n--palette-2-dark-1-g: 96;\n--palette-2-dark-1-b: 73;\n--palette-2-dark-1-contrast: white;\n--palette-2-dark-1-contrast-darker: white;\n--palette-2-dark-1-text-color: var(--body-alt-color);\n--palette-2: #f05e34;\n--palette-2-darker: #ee4819;\n--palette-2-r: 240;\n--palette-2-g: 94;\n--palette-2-b: 52;\n--palette-2-contrast: white;\n--palette-2-contrast-darker: white;\n--palette-2-text-color: var(--body-alt-color);\n--palette-2-light-1: #f58c6e;\n--palette-2-light-1-darker: #f3724d;\n--palette-2-light-1-r: 245;\n--palette-2-light-1-g: 140;\n--palette-2-light-1-b: 110;\n--palette-2-light-1-contrast: white;\n--palette-2-light-1-contrast-darker: white;\n--palette-2-light-1-text-color: var(--body-alt-color);\n--palette-2-light-2: #f9bcab;\n--palette-2-light-2-darker: #f69d84;\n--palette-2-light-2-r: 249;\n--palette-2-light-2-g: 188;\n--palette-2-light-2-b: 171;\n--palette-2-light-2-contrast: black;\n--palette-2-light-2-contrast-darker: white;\n--palette-2-light-2-text-color: var(--body-color);\n--palette-2-light-3: #feeeea;\n--palette-2-light-3-darker: #fcc8bb;\n--palette-2-light-3-r: 254;\n--palette-2-light-3-g: 238;\n--palette-2-light-3-b: 234;\n--palette-2-light-3-contrast: black;\n--palette-2-light-3-contrast-darker: black;\n--palette-2-light-3-text-color: var(--body-color);\n--palette-3-base: #ae9721;\n--palette-3-base-darker: #9d881e;\n--palette-3-base-r: 174;\n--palette-3-base-g: 151;\n--palette-3-base-b: 33;\n--palette-3-base-contrast: white;\n--palette-3-base-contrast-darker: white;\n--palette-3-base-text-color: var(--body-alt-color);\n--palette-3-dark-3: #333129;\n--palette-3-dark-3-darker: #2e2c25;\n--palette-3-dark-3-r: 51;\n--palette-3-dark-3-g: 49;\n--palette-3-dark-3-b: 41;\n--palette-3-dark-3-contrast: white;\n--palette-3-dark-3-contrast-darker: white;\n--palette-3-dark-3-text-color: var(--body-alt-color);\n--palette-3-dark-2: #716738;\n--palette-3-dark-2-darker: #665d32;\n--palette-3-dark-2-r: 113;\n--palette-3-dark-2-g: 103;\n--palette-3-dark-2-b: 56;\n--palette-3-dark-2-contrast: white;\n--palette-3-dark-2-contrast-darker: white;\n--palette-3-dark-2-text-color: var(--body-alt-color);\n--palette-3-dark-1: #ae9721;\n--palette-3-dark-1-darker: #9d881e;\n--palette-3-dark-1-r: 174;\n--palette-3-dark-1-g: 151;\n--palette-3-dark-1-b: 33;\n--palette-3-dark-1-contrast: white;\n--palette-3-dark-1-contrast-darker: white;\n--palette-3-dark-1-text-color: var(--body-alt-color);\n--palette-3: #e7cb3e;\n--palette-3-darker: #e4c424;\n--palette-3-r: 231;\n--palette-3-g: 203;\n--palette-3-b: 62;\n--palette-3-contrast: black;\n--palette-3-contrast-darker: black;\n--palette-3-text-color: var(--body-color);\n--palette-3-light-1: #eeda74;\n--palette-3-light-1-darker: #ead254;\n--palette-3-light-1-r: 238;\n--palette-3-light-1-g: 218;\n--palette-3-light-1-b: 116;\n--palette-3-light-1-contrast: black;\n--palette-3-light-1-contrast-darker: black;\n--palette-3-light-1-text-color: var(--body-color);\n--palette-3-light-2: #f5eaae;\n--palette-3-light-2-darker: #f0e089;\n--palette-3-light-2-r: 245;\n--palette-3-light-2-g: 234;\n--palette-3-light-2-b: 174;\n--palette-3-light-2-contrast: black;\n--palette-3-light-2-contrast-darker: black;\n--palette-3-light-2-text-color: var(--body-color);\n--palette-3-light-3: #fdfaea;\n--palette-3-light-3-darker: #f9efbe;\n--palette-3-light-3-r: 253;\n--palette-3-light-3-g: 250;\n--palette-3-light-3-b: 234;\n--palette-3-light-3-contrast: black;\n--palette-3-light-3-contrast-darker: black;\n--palette-3-light-3-text-color: var(--body-color);\n--palette-4-base: #687f47;\n--palette-4-base-darker: #5e7240;\n--palette-4-base-r: 104;\n--palette-4-base-g: 127;\n--palette-4-base-b: 71;\n--palette-4-base-contrast: white;\n--palette-4-base-contrast-darker: white;\n--palette-4-base-text-color: var(--body-alt-color);\n--palette-4-dark-3: #2f3329;\n--palette-4-dark-3-darker: #2a2e25;\n--palette-4-dark-3-r: 47;\n--palette-4-dark-3-g: 51;\n--palette-4-dark-3-b: 41;\n--palette-4-dark-3-contrast: white;\n--palette-4-dark-3-contrast-darker: white;\n--palette-4-dark-3-text-color: var(--body-alt-color);\n--palette-4-dark-2: #4d593c;\n--palette-4-dark-2-darker: #455036;\n--palette-4-dark-2-r: 77;\n--palette-4-dark-2-g: 89;\n--palette-4-dark-2-b: 60;\n--palette-4-dark-2-contrast: white;\n--palette-4-dark-2-contrast-darker: white;\n--palette-4-dark-2-text-color: var(--body-alt-color);\n--palette-4-dark-1: #687f47;\n--palette-4-dark-1-darker: #5e7240;\n--palette-4-dark-1-r: 104;\n--palette-4-dark-1-g: 127;\n--palette-4-dark-1-b: 71;\n--palette-4-dark-1-contrast: white;\n--palette-4-dark-1-contrast-darker: white;\n--palette-4-dark-1-text-color: var(--body-alt-color);\n--palette-4: #a9c581;\n--palette-4-darker: #9abb6b;\n--palette-4-r: 169;\n--palette-4-g: 197;\n--palette-4-b: 129;\n--palette-4-contrast: white;\n--palette-4-contrast-darker: white;\n--palette-4-text-color: var(--body-alt-color);\n--palette-4-light-1: #c1d6a2;\n--palette-4-light-1-darker: #b0ca88;\n--palette-4-light-1-r: 193;\n--palette-4-light-1-g: 214;\n--palette-4-light-1-b: 162;\n--palette-4-light-1-contrast: black;\n--palette-4-light-1-contrast-darker: black;\n--palette-4-light-1-text-color: var(--body-color);\n--palette-4-light-2: #dae8c8;\n--palette-4-light-2-darker: #c6dbaa;\n--palette-4-light-2-r: 218;\n--palette-4-light-2-g: 232;\n--palette-4-light-2-b: 200;\n--palette-4-light-2-contrast: black;\n--palette-4-light-2-contrast-darker: black;\n--palette-4-light-2-text-color: var(--body-color);\n--palette-4-light-3: #f6f9f1;\n--palette-4-light-3-darker: #e0eacf;\n--palette-4-light-3-r: 246;\n--palette-4-light-3-g: 249;\n--palette-4-light-3-b: 241;\n--palette-4-light-3-contrast: black;\n--palette-4-light-3-contrast-darker: black;\n--palette-4-light-3-text-color: var(--body-color);\n--palette-5-base: #b9c1cc;\n--palette-5-base-darker: #a2adbc;\n--palette-5-base-r: 185;\n--palette-5-base-g: 193;\n--palette-5-base-b: 204;\n--palette-5-base-contrast: black;\n--palette-5-base-contrast-darker: white;\n--palette-5-base-text-color: var(--body-color);\n--palette-5-dark-3: #292d33;\n--palette-5-dark-3-darker: #25292e;\n--palette-5-dark-3-r: 41;\n--palette-5-dark-3-g: 45;\n--palette-5-dark-3-b: 51;\n--palette-5-dark-3-contrast: white;\n--palette-5-dark-3-contrast-darker: white;\n--palette-5-dark-3-text-color: var(--body-alt-color);\n--palette-5-dark-2: #555c66;\n--palette-5-dark-2-darker: #4d535c;\n--palette-5-dark-2-r: 85;\n--palette-5-dark-2-g: 92;\n--palette-5-dark-2-b: 102;\n--palette-5-dark-2-contrast: white;\n--palette-5-dark-2-contrast-darker: white;\n--palette-5-dark-2-text-color: var(--body-alt-color);\n--palette-5-dark-1: #858e99;\n--palette-5-dark-1-darker: #75808c;\n--palette-5-dark-1-r: 133;\n--palette-5-dark-1-g: 142;\n--palette-5-dark-1-b: 153;\n--palette-5-dark-1-contrast: white;\n--palette-5-dark-1-contrast-darker: white;\n--palette-5-dark-1-text-color: var(--body-alt-color);\n--palette-5: #b9c1cc;\n--palette-5-darker: #a2adbc;\n--palette-5-r: 185;\n--palette-5-g: 193;\n--palette-5-b: 204;\n--palette-5-contrast: black;\n--palette-5-contrast-darker: white;\n--palette-5-text-color: var(--body-color);\n--palette-5-light-1: #ccd3db;\n--palette-5-light-1-darker: #b3bec9;\n--palette-5-light-1-r: 204;\n--palette-5-light-1-g: 211;\n--palette-5-light-1-b: 219;\n--palette-5-light-1-contrast: black;\n--palette-5-light-1-contrast-darker: black;\n--palette-5-light-1-text-color: var(--body-color);\n--palette-5-light-2: #e0e5eb;\n--palette-5-light-2-darker: #c4ced9;\n--palette-5-light-2-r: 224;\n--palette-5-light-2-g: 229;\n--palette-5-light-2-b: 235;\n--palette-5-light-2-contrast: black;\n--palette-5-light-2-contrast-darker: black;\n--palette-5-light-2-text-color: var(--body-color);\n--palette-5-light-3: #f5f7fa;\n--palette-5-light-3-darker: #d4dde9;\n--palette-5-light-3-r: 245;\n--palette-5-light-3-g: 247;\n--palette-5-light-3-b: 250;\n--palette-5-light-3-contrast: black;\n--palette-5-light-3-contrast-darker: black;\n--palette-5-light-3-text-color: var(--body-color);\n--grey-40: #999999;\n--grey-40-darker: #8a8a8a;\n--grey-40-r: 153;\n--grey-40-g: 153;\n--grey-40-b: 153;\n--grey-40-contrast: white;\n--grey-40-contrast-darker: white;\n--grey-40-text-color: var(--body-alt-color);\n--grey-30: #b3b3b3;\n--grey-30-darker: #a1a1a1;\n--grey-30-r: 179;\n--grey-30-g: 179;\n--grey-30-b: 179;\n--grey-30-contrast: white;\n--grey-30-contrast-darker: white;\n--grey-30-text-color: var(--body-alt-color);\n--grey-25: #c0c0c0;\n--grey-25-darker: #adadad;\n--grey-25-r: 192;\n--grey-25-g: 192;\n--grey-25-b: 192;\n--grey-25-contrast: black;\n--grey-25-contrast-darker: white;\n--grey-25-text-color: var(--body-color);\n--white: #ffffff;\n--white-darker: #e6e6e6;\n--white-r: 255;\n--white-g: 255;\n--white-b: 255;\n--white-contrast: black;\n--white-contrast-darker: black;\n--white-text-color: var(--body-color);\n--grey-15: #d9d9d9;\n--grey-15-darker: #c3c3c3;\n--grey-15-r: 217;\n--grey-15-g: 217;\n--grey-15-b: 217;\n--grey-15-contrast: black;\n--grey-15-contrast-darker: black;\n--grey-15-text-color: var(--body-color);\n--grey-10: #e5e5e5;\n--grey-10-darker: #cecece;\n--grey-10-r: 229;\n--grey-10-g: 229;\n--grey-10-b: 229;\n--grey-10-contrast: black;\n--grey-10-contrast-darker: black;\n--grey-10-text-color: var(--body-color);\n--grey-5: #f2f2f2;\n--grey-5-darker: #dadada;\n--grey-5-r: 242;\n--grey-5-g: 242;\n--grey-5-b: 242;\n--grey-5-contrast: black;\n--grey-5-contrast-darker: black;\n--grey-5-text-color: var(--body-color);\n--grey-90: #1a1a1a;\n--grey-90-darker: #171717;\n--grey-90-r: 26;\n--grey-90-g: 26;\n--grey-90-b: 26;\n--grey-90-contrast: white;\n--grey-90-contrast-darker: white;\n--grey-90-text-color: var(--body-alt-color);\n--grey-80: #333333;\n--grey-80-darker: #2e2e2e;\n--grey-80-r: 51;\n--grey-80-g: 51;\n--grey-80-b: 51;\n--grey-80-contrast: white;\n--grey-80-contrast-darker: white;\n--grey-80-text-color: var(--body-alt-color);\n--grey-75: #404040;\n--grey-75-darker: #3a3a3a;\n--grey-75-r: 64;\n--grey-75-g: 64;\n--grey-75-b: 64;\n--grey-75-contrast: white;\n--grey-75-contrast-darker: white;\n--grey-75-text-color: var(--body-alt-color);\n--black: #000000;\n--black-darker: #000000;\n--black-r: 0;\n--black-g: 0;\n--black-b: 0;\n--black-contrast: white;\n--black-contrast-darker: white;\n--black-text-color: var(--body-alt-color);\n--grey-70: #4d4d4d;\n--grey-70-darker: #454545;\n--grey-70-r: 77;\n--grey-70-g: 77;\n--grey-70-b: 77;\n--grey-70-contrast: white;\n--grey-70-contrast-darker: white;\n--grey-70-text-color: var(--body-alt-color);\n--grey-60: #666666;\n--grey-60-darker: #5c5c5c;\n--grey-60-r: 102;\n--grey-60-g: 102;\n--grey-60-b: 102;\n--grey-60-contrast: white;\n--grey-60-contrast-darker: white;\n--grey-60-text-color: var(--body-alt-color);\n--grey-50: #808080;\n--grey-50-darker: #737373;\n--grey-50-r: 128;\n--grey-50-g: 128;\n--grey-50-b: 128;\n--grey-50-contrast: white;\n--grey-50-contrast-darker: white;\n--grey-50-text-color: var(--body-alt-color);\n--grey-dark-3: #212121;\n--grey-dark-3-darker: #1e1e1e;\n--grey-dark-3-r: 33;\n--grey-dark-3-g: 33;\n--grey-dark-3-b: 33;\n--grey-dark-3-contrast: white;\n--grey-dark-3-contrast-darker: white;\n--grey-dark-3-text-color: var(--body-alt-color);\n--grey-dark-2: #333333;\n--grey-dark-2-darker: #2e2e2e;\n--grey-dark-2-r: 51;\n--grey-dark-2-g: 51;\n--grey-dark-2-b: 51;\n--grey-dark-2-contrast: white;\n--grey-dark-2-contrast-darker: white;\n--grey-dark-2-text-color: var(--body-alt-color);\n--grey-dark-1: #454545;\n--grey-dark-1-darker: #3e3e3e;\n--grey-dark-1-r: 69;\n--grey-dark-1-g: 69;\n--grey-dark-1-b: 69;\n--grey-dark-1-contrast: white;\n--grey-dark-1-contrast-darker: white;\n--grey-dark-1-text-color: var(--body-alt-color);\n--grey: #b3b3b3;\n--grey-darker: #a1a1a1;\n--grey-r: 179;\n--grey-g: 179;\n--grey-b: 179;\n--grey-contrast: white;\n--grey-contrast-darker: white;\n--grey-text-color: var(--body-alt-color);\n--grey-light-1: #d9d9d9;\n--grey-light-1-darker: #c3c3c3;\n--grey-light-1-r: 217;\n--grey-light-1-g: 217;\n--grey-light-1-b: 217;\n--grey-light-1-contrast: black;\n--grey-light-1-contrast-darker: black;\n--grey-light-1-text-color: var(--body-color);\n--grey-light-2: #eeeeee;\n--grey-light-2-darker: #d6d6d6;\n--grey-light-2-r: 238;\n--grey-light-2-g: 238;\n--grey-light-2-b: 238;\n--grey-light-2-contrast: black;\n--grey-light-2-contrast-darker: black;\n--grey-light-2-text-color: var(--body-color);\n--grey-light-3: #f6f6f6;\n--grey-light-3-darker: #dddddd;\n--grey-light-3-r: 246;\n--grey-light-3-g: 246;\n--grey-light-3-b: 246;\n--grey-light-3-contrast: black;\n--grey-light-3-contrast-darker: black;\n--grey-light-3-text-color: var(--body-color);\n--color-1-base: #c4b35d;\n--color-1-base-darker: #bca948;\n--color-1-base-r: 196;\n--color-1-base-g: 179;\n--color-1-base-b: 93;\n--color-1-base-contrast: white;\n--color-1-base-contrast-darker: white;\n--color-1-base-text-color: var(--body-alt-color);\n--color-1-dark-3: #333129;\n--color-1-dark-3-darker: #2e2c25;\n--color-1-dark-3-r: 51;\n--color-1-dark-3-g: 49;\n--color-1-dark-3-b: 41;\n--color-1-dark-3-contrast: white;\n--color-1-dark-3-contrast-darker: white;\n--color-1-dark-3-text-color: var(--body-alt-color);\n--color-1-dark-2: #635e45;\n--color-1-dark-2-darker: #59553e;\n--color-1-dark-2-r: 99;\n--color-1-dark-2-g: 94;\n--color-1-dark-2-b: 69;\n--color-1-dark-2-contrast: white;\n--color-1-dark-2-contrast-darker: white;\n--color-1-dark-2-text-color: var(--body-alt-color);\n--color-1-dark-1: #948a56;\n--color-1-dark-1-darker: #857c4d;\n--color-1-dark-1-r: 148;\n--color-1-dark-1-g: 138;\n--color-1-dark-1-b: 86;\n--color-1-dark-1-contrast: white;\n--color-1-dark-1-contrast-darker: white;\n--color-1-dark-1-text-color: var(--body-alt-color);\n--color-1: #c4b35d;\n--color-1-darker: #bca948;\n--color-1-r: 196;\n--color-1-g: 179;\n--color-1-b: 93;\n--color-1-contrast: white;\n--color-1-contrast-darker: white;\n--color-1-text-color: var(--body-alt-color);\n--color-1-light-1: #d6c987;\n--color-1-light-1-darker: #cdbd6d;\n--color-1-light-1-r: 214;\n--color-1-light-1-g: 201;\n--color-1-light-1-b: 135;\n--color-1-light-1-contrast: black;\n--color-1-light-1-contrast-darker: black;\n--color-1-light-1-text-color: var(--body-color);\n--color-1-light-2: #e7dfb7;\n--color-1-light-2-darker: #ddd198;\n--color-1-light-2-r: 231;\n--color-1-light-2-g: 223;\n--color-1-light-2-b: 183;\n--color-1-light-2-contrast: black;\n--color-1-light-2-contrast-darker: black;\n--color-1-light-2-text-color: var(--body-color);\n--color-1-light-3: #f9f7ec;\n--color-1-light-3-darker: #ede7c7;\n--color-1-light-3-r: 249;\n--color-1-light-3-g: 247;\n--color-1-light-3-b: 236;\n--color-1-light-3-contrast: black;\n--color-1-light-3-contrast-darker: black;\n--color-1-light-3-text-color: var(--body-color);\n--color-2-base: #f05e34;\n--color-2-base-darker: #ee4819;\n--color-2-base-r: 240;\n--color-2-base-g: 94;\n--color-2-base-b: 52;\n--color-2-base-contrast: white;\n--color-2-base-contrast-darker: white;\n--color-2-base-text-color: var(--body-alt-color);\n--color-2-dark-3: #332b29;\n--color-2-dark-3-darker: #2e2725;\n--color-2-dark-3-r: 51;\n--color-2-dark-3-g: 43;\n--color-2-dark-3-b: 41;\n--color-2-dark-3-contrast: white;\n--color-2-dark-3-contrast-darker: white;\n--color-2-dark-3-text-color: var(--body-alt-color);\n--color-2-dark-2: #724f45;\n--color-2-dark-2-darker: #67473e;\n--color-2-dark-2-r: 114;\n--color-2-dark-2-g: 79;\n--color-2-dark-2-b: 69;\n--color-2-dark-2-contrast: white;\n--color-2-dark-2-contrast-darker: white;\n--color-2-dark-2-text-color: var(--body-alt-color);\n--color-2-dark-1: #b16049;\n--color-2-dark-1-darker: #9f5642;\n--color-2-dark-1-r: 177;\n--color-2-dark-1-g: 96;\n--color-2-dark-1-b: 73;\n--color-2-dark-1-contrast: white;\n--color-2-dark-1-contrast-darker: white;\n--color-2-dark-1-text-color: var(--body-alt-color);\n--color-2: #f05e34;\n--color-2-darker: #ee4819;\n--color-2-r: 240;\n--color-2-g: 94;\n--color-2-b: 52;\n--color-2-contrast: white;\n--color-2-contrast-darker: white;\n--color-2-text-color: var(--body-alt-color);\n--color-2-light-1: #f58c6e;\n--color-2-light-1-darker: #f3724d;\n--color-2-light-1-r: 245;\n--color-2-light-1-g: 140;\n--color-2-light-1-b: 110;\n--color-2-light-1-contrast: white;\n--color-2-light-1-contrast-darker: white;\n--color-2-light-1-text-color: var(--body-alt-color);\n--color-2-light-2: #f9bcab;\n--color-2-light-2-darker: #f69d84;\n--color-2-light-2-r: 249;\n--color-2-light-2-g: 188;\n--color-2-light-2-b: 171;\n--color-2-light-2-contrast: black;\n--color-2-light-2-contrast-darker: white;\n--color-2-light-2-text-color: var(--body-color);\n--color-2-light-3: #feeeea;\n--color-2-light-3-darker: #fcc8bb;\n--color-2-light-3-r: 254;\n--color-2-light-3-g: 238;\n--color-2-light-3-b: 234;\n--color-2-light-3-contrast: black;\n--color-2-light-3-contrast-darker: black;\n--color-2-light-3-text-color: var(--body-color);\n--color-3-base: #ae9721;\n--color-3-base-darker: #9d881e;\n--color-3-base-r: 174;\n--color-3-base-g: 151;\n--color-3-base-b: 33;\n--color-3-base-contrast: white;\n--color-3-base-contrast-darker: white;\n--color-3-base-text-color: var(--body-alt-color);\n--color-3-dark-3: #333129;\n--color-3-dark-3-darker: #2e2c25;\n--color-3-dark-3-r: 51;\n--color-3-dark-3-g: 49;\n--color-3-dark-3-b: 41;\n--color-3-dark-3-contrast: white;\n--color-3-dark-3-contrast-darker: white;\n--color-3-dark-3-text-color: var(--body-alt-color);\n--color-3-dark-2: #716738;\n--color-3-dark-2-darker: #665d32;\n--color-3-dark-2-r: 113;\n--color-3-dark-2-g: 103;\n--color-3-dark-2-b: 56;\n--color-3-dark-2-contrast: white;\n--color-3-dark-2-contrast-darker: white;\n--color-3-dark-2-text-color: var(--body-alt-color);\n--color-3-dark-1: #ae9721;\n--color-3-dark-1-darker: #9d881e;\n--color-3-dark-1-r: 174;\n--color-3-dark-1-g: 151;\n--color-3-dark-1-b: 33;\n--color-3-dark-1-contrast: white;\n--color-3-dark-1-contrast-darker: white;\n--color-3-dark-1-text-color: var(--body-alt-color);\n--color-3: #e7cb3e;\n--color-3-darker: #e4c424;\n--color-3-r: 231;\n--color-3-g: 203;\n--color-3-b: 62;\n--color-3-contrast: black;\n--color-3-contrast-darker: black;\n--color-3-text-color: var(--body-color);\n--color-3-light-1: #eeda74;\n--color-3-light-1-darker: #ead254;\n--color-3-light-1-r: 238;\n--color-3-light-1-g: 218;\n--color-3-light-1-b: 116;\n--color-3-light-1-contrast: black;\n--color-3-light-1-contrast-darker: black;\n--color-3-light-1-text-color: var(--body-color);\n--color-3-light-2: #f5eaae;\n--color-3-light-2-darker: #f0e089;\n--color-3-light-2-r: 245;\n--color-3-light-2-g: 234;\n--color-3-light-2-b: 174;\n--color-3-light-2-contrast: black;\n--color-3-light-2-contrast-darker: black;\n--color-3-light-2-text-color: var(--body-color);\n--color-3-light-3: #fdfaea;\n--color-3-light-3-darker: #f9efbe;\n--color-3-light-3-r: 253;\n--color-3-light-3-g: 250;\n--color-3-light-3-b: 234;\n--color-3-light-3-contrast: black;\n--color-3-light-3-contrast-darker: black;\n--color-3-light-3-text-color: var(--body-color);\n--color-4-base: #687f47;\n--color-4-base-darker: #5e7240;\n--color-4-base-r: 104;\n--color-4-base-g: 127;\n--color-4-base-b: 71;\n--color-4-base-contrast: white;\n--color-4-base-contrast-darker: white;\n--color-4-base-text-color: var(--body-alt-color);\n--color-4-dark-3: #2f3329;\n--color-4-dark-3-darker: #2a2e25;\n--color-4-dark-3-r: 47;\n--color-4-dark-3-g: 51;\n--color-4-dark-3-b: 41;\n--color-4-dark-3-contrast: white;\n--color-4-dark-3-contrast-darker: white;\n--color-4-dark-3-text-color: var(--body-alt-color);\n--color-4-dark-2: #4d593c;\n--color-4-dark-2-darker: #455036;\n--color-4-dark-2-r: 77;\n--color-4-dark-2-g: 89;\n--color-4-dark-2-b: 60;\n--color-4-dark-2-contrast: white;\n--color-4-dark-2-contrast-darker: white;\n--color-4-dark-2-text-color: var(--body-alt-color);\n--color-4-dark-1: #687f47;\n--color-4-dark-1-darker: #5e7240;\n--color-4-dark-1-r: 104;\n--color-4-dark-1-g: 127;\n--color-4-dark-1-b: 71;\n--color-4-dark-1-contrast: white;\n--color-4-dark-1-contrast-darker: white;\n--color-4-dark-1-text-color: var(--body-alt-color);\n--color-4: #a9c581;\n--color-4-darker: #9abb6b;\n--color-4-r: 169;\n--color-4-g: 197;\n--color-4-b: 129;\n--color-4-contrast: white;\n--color-4-contrast-darker: white;\n--color-4-text-color: var(--body-alt-color);\n--color-4-light-1: #c1d6a2;\n--color-4-light-1-darker: #b0ca88;\n--color-4-light-1-r: 193;\n--color-4-light-1-g: 214;\n--color-4-light-1-b: 162;\n--color-4-light-1-contrast: black;\n--color-4-light-1-contrast-darker: black;\n--color-4-light-1-text-color: var(--body-color);\n--color-4-light-2: #dae8c8;\n--color-4-light-2-darker: #c6dbaa;\n--color-4-light-2-r: 218;\n--color-4-light-2-g: 232;\n--color-4-light-2-b: 200;\n--color-4-light-2-contrast: black;\n--color-4-light-2-contrast-darker: black;\n--color-4-light-2-text-color: var(--body-color);\n--color-4-light-3: #f6f9f1;\n--color-4-light-3-darker: #e0eacf;\n--color-4-light-3-r: 246;\n--color-4-light-3-g: 249;\n--color-4-light-3-b: 241;\n--color-4-light-3-contrast: black;\n--color-4-light-3-contrast-darker: black;\n--color-4-light-3-text-color: var(--body-color);\n--color-5-base: #b9c1cc;\n--color-5-base-darker: #a2adbc;\n--color-5-base-r: 185;\n--color-5-base-g: 193;\n--color-5-base-b: 204;\n--color-5-base-contrast: black;\n--color-5-base-contrast-darker: white;\n--color-5-base-text-color: var(--body-color);\n--color-5-dark-3: #292d33;\n--color-5-dark-3-darker: #25292e;\n--color-5-dark-3-r: 41;\n--color-5-dark-3-g: 45;\n--color-5-dark-3-b: 51;\n--color-5-dark-3-contrast: white;\n--color-5-dark-3-contrast-darker: white;\n--color-5-dark-3-text-color: var(--body-alt-color);\n--color-5-dark-2: #555c66;\n--color-5-dark-2-darker: #4d535c;\n--color-5-dark-2-r: 85;\n--color-5-dark-2-g: 92;\n--color-5-dark-2-b: 102;\n--color-5-dark-2-contrast: white;\n--color-5-dark-2-contrast-darker: white;\n--color-5-dark-2-text-color: var(--body-alt-color);\n--color-5-dark-1: #858e99;\n--color-5-dark-1-darker: #75808c;\n--color-5-dark-1-r: 133;\n--color-5-dark-1-g: 142;\n--color-5-dark-1-b: 153;\n--color-5-dark-1-contrast: white;\n--color-5-dark-1-contrast-darker: white;\n--color-5-dark-1-text-color: var(--body-alt-color);\n--color-5: #b9c1cc;\n--color-5-darker: #a2adbc;\n--color-5-r: 185;\n--color-5-g: 193;\n--color-5-b: 204;\n--color-5-contrast: black;\n--color-5-contrast-darker: white;\n--color-5-text-color: var(--body-color);\n--color-5-light-1: #ccd3db;\n--color-5-light-1-darker: #b3bec9;\n--color-5-light-1-r: 204;\n--color-5-light-1-g: 211;\n--color-5-light-1-b: 219;\n--color-5-light-1-contrast: black;\n--color-5-light-1-contrast-darker: black;\n--color-5-light-1-text-color: var(--body-color);\n--color-5-light-2: #e0e5eb;\n--color-5-light-2-darker: #c4ced9;\n--color-5-light-2-r: 224;\n--color-5-light-2-g: 229;\n--color-5-light-2-b: 235;\n--color-5-light-2-contrast: black;\n--color-5-light-2-contrast-darker: black;\n--color-5-light-2-text-color: var(--body-color);\n--color-5-light-3: #f5f7fa;\n--color-5-light-3-darker: #d4dde9;\n--color-5-light-3-r: 245;\n--color-5-light-3-g: 247;\n--color-5-light-3-b: 250;\n--color-5-light-3-contrast: black;\n--color-5-light-3-contrast-darker: black;\n--color-5-light-3-text-color: var(--body-color);\n--white-contrast: var(--body-color);\n--shading-contrast: var(--body-alt-color);\n--bg-contrast: var(--body-color);\n}</style><style id=\"typography\" typography=\"custom-page-typography-10\">\n        .u-body\n        {\n        --title-font-weight: 400;\n        --title-font-size: 4.5rem;\n        --title-line-height: 1.1;\n        --title-margin-top: 20px;\n        --title-margin-bottom: 20px;\n        --subtitle-font-weight: 400;\n        --subtitle-font-size: 2.25rem;\n        --subtitle-line-height: 1.1;\n        --subtitle-margin-top: 20px;\n        --subtitle-margin-bottom: 20px;\n        --h1-font-size: 6rem;\n        --h1-line-height: 1.1;\n        --h1-margin-top: 20px;\n        --h1-margin-bottom: 20px;\n        --h1-font-weight: 400;\n        --h1-list-icon-spacing: 0.3;\n        --h1-list-icon-size: 0.8;\n        --h2-font-weight: 400;\n        --h2-font-size: 3.75rem;\n        --h2-line-height: 1.1;\n        --h2-margin-top: 20px;\n        --h2-margin-bottom: 20px;\n        --h3-font-size: 2.25rem;\n        --h3-line-height: 1.2;\n        --h3-margin-top: 20px;\n        --h3-margin-bottom: 20px;\n        --h3-font-weight: 400;\n        --h3-list-icon-spacing: 0.3;\n        --h3-list-icon-size: 0.8;\n        --h4-font-size: 1.375rem;\n        --h4-line-height: 1.2;\n        --h4-margin-top: 20px;\n        --h4-margin-bottom: 20px;\n        --h4-font-weight: 500;\n        --h4-list-icon-spacing: 0.3;\n        --h4-list-icon-size: 0.8;\n        --h5-font-weight: 400;\n        --h5-font-size: 1.25rem;\n        --h5-line-height: 1.2;\n        --h5-margin-top: 20px;\n        --h5-margin-bottom: 20px;\n        --h6-font-weight: 400;\n        --h6-font-size: 1.125rem;\n        --h6-line-height: 1.2;\n        --h6-margin-top: 20px;\n        --h6-margin-bottom: 20px;\n        --largeText-font-size: 1.25rem;\n        --largeText-margin-top: 20px;\n        --largeText-margin-bottom: 20px;\n        --smallText-font-size: 0.875rem;\n        --smallText-margin-top: 20px;\n        --smallText-margin-bottom: 20px;\n        --text-margin-top: 20px;\n        --text-margin-bottom: 20px;\n        --hyperlink-color: var(--palette-1-base);\n        --hyperlink-alt-text-color: var(--palette-1-light-2);\n        --hyperlink-hover-color: var(--palette-1-base-darker);\n        --hyperlink-hover-alt-text-color: var(--grey-30-darker);\n        --hyperlink-active-color: var(--palette-1-base-darker);\n        --hyperlink-active-alt-text-color: var(--grey-30-darker);\n        --button-margin-top: 20px;\n        --button-margin-bottom: 20px;\n        --button-border-top-style: none;\n        --button-border-left-style: none;\n        --button-border-right-style: none;\n        --button-border-bottom-style: none;\n        --button-borders: top right bottom left;\n        --button-border-radius: 50px;\n        --button-image-size: [object Object];\n        --button-image-fit: cover;\n        --button-image-zoom: 100;\n        --button-animation: [object Object];\n        --button-line-height: 1.4;\n        --button-border-radius: 50px;\n        --button-background-color: var(--palette-3-base);\n        --button-color: var(--white);\n        --button-alt-background-color: var(--palette-3-light-2);\n        --button-alt-color: var(--black);\n        --button-hover-background-color: var(--palette-3-base-darker);\n        --button-hover-color: var(--white-darker);\n        --button-hover-alt-background-color: var(--palette-3-light-2-darker);\n        --button-hover-alt-color: var(--white);\n        --button-hover-background-color: var(--palette-3-base-darker);\n        --button-hover-color: var(--white-darker);\n        --button-hover-alt-background-color: var(--palette-3-light-2-darker);\n        --button-hover-alt-color: var(--white);\n        --button-active-background-color: var(--palette-3-base-darker);\n        --button-active-color: var(--white-darker);\n        --button-active-alt-background-color: var(--palette-3-light-2-darker);\n        --button-active-alt-color: var(--white);\n        --blockquote-font-style: italic;\n        --blockquote-padding-left: 20px;\n        --blockquote-border-width: 4px;\n        --blockquote-border-color: var(--palette-1-base);\n        --blockquote-margin-top: 20px;\n        --blockquote-margin-bottom: 20px;\n        --metadata-margin-top: 20px;\n        --metadata-margin-bottom: 20px;\n        --list-margin-top: 20px;\n        --list-margin-bottom: 20px;\n        --orderedlist-margin-top: 20px;\n        --orderedlist-margin-bottom: 20px;\n        --postContent-margin-top: 20px;\n        --postContent-margin-bottom: 20px;\n        --theme-sheet-width-xl: 1140px;\n        --theme-sheet-width-lg: 940px;\n        --theme-sheet-width-md: 720px;\n        --theme-sheet-width-sm: 540px;\n        --theme-sheet-width-xs: 340px;\n        --form-input-border-width: 1px;\n        --form-input-border-color: var(--grey-30);\n        --form-input-borders: top right bottom left;\n        --form-input-background-color: var(--white);\n        --form-input-color: var(--black);\n        --title-font-size-sm: 3.75rem;\n        --title-font-size-xs: 3rem;\n        --subtitle-font-size-xs: 1.5rem;\n        --h1-font-size-md: 4.5rem;\n        --h1-font-weight-md: 400;\n        --h1-line-height-md: 1.1;\n        --h1-list-icon-spacing-md: 0.3;\n        --h1-list-icon-size-md: 0.8;\n        --h1-font-size-sm: 3.75rem;\n        --h1-font-weight-sm: 400;\n        --h1-line-height-sm: 1.1;\n        --h1-list-icon-spacing-sm: 0.3;\n        --h1-list-icon-size-sm: 0.8;\n        --h1-font-size-xs: 2.25rem;\n        --h1-font-weight-xs: 400;\n        --h1-line-height-xs: 1.1;\n        --h1-list-icon-spacing-xs: 0.3;\n        --h1-list-icon-size-xs: 0.8;\n        --h2-font-size-sm: 3rem;\n        --h2-font-size-xs: 2.25rem;\n        --h2-font-weight-xs: 400;\n        --h2-line-height-xs: 1.1;\n        --h2-list-icon-spacing-xs: 0.3;\n        --h2-list-icon-size-xs: 0.8;\n        --h3-font-size-xs: 1.875rem;\n        --h3-font-weight-xs: 400;\n        --h3-line-height-xs: 1.2;\n        --h3-list-icon-spacing-xs: 0.3;\n        --h3-list-icon-size-xs: 0.8;\n        }\n\n        /** common-rules **/\n        h1.u-title\n        {\n        font-weight: var(--title-font-weight);\n        font-size: var(--title-font-size);\n        line-height: var(--title-line-height);\n        margin-top: var(--title-margin-top);\n        margin-bottom: var(--title-margin-bottom);\n        }\n        h2.u-subtitle\n        {\n        font-weight: var(--subtitle-font-weight);\n        font-size: var(--subtitle-font-size);\n        line-height: var(--subtitle-line-height);\n        margin-top: var(--subtitle-margin-top);\n        margin-bottom: var(--subtitle-margin-bottom);\n        }\n        h1:not(.u-title)\n        {\n        font-size: var(--h1-font-size);\n        line-height: var(--h1-line-height);\n        margin-top: var(--h1-margin-top);\n        margin-bottom: var(--h1-margin-bottom);\n        font-weight: var(--h1-font-weight);\n        list-icon-spacing: var(--h1-list-icon-spacing);\n        list-icon-size: var(--h1-list-icon-size);\n        }\n        h2:not(.u-subtitle)\n        {\n        font-weight: var(--h2-font-weight);\n        font-size: var(--h2-font-size);\n        line-height: var(--h2-line-height);\n        margin-top: var(--h2-margin-top);\n        margin-bottom: var(--h2-margin-bottom);\n        }\n        h3\n        {\n        font-size: var(--h3-font-size);\n        line-height: var(--h3-line-height);\n        margin-top: var(--h3-margin-top);\n        margin-bottom: var(--h3-margin-bottom);\n        font-weight: var(--h3-font-weight);\n        list-icon-spacing: var(--h3-list-icon-spacing);\n        list-icon-size: var(--h3-list-icon-size);\n        }\n        h4\n        {\n        font-size: var(--h4-font-size);\n        line-height: var(--h4-line-height);\n        margin-top: var(--h4-margin-top);\n        margin-bottom: var(--h4-margin-bottom);\n        font-weight: var(--h4-font-weight);\n        list-icon-spacing: var(--h4-list-icon-spacing);\n        list-icon-size: var(--h4-list-icon-size);\n        }\n        h5\n        {\n        font-weight: var(--h5-font-weight);\n        font-size: var(--h5-font-size);\n        line-height: var(--h5-line-height);\n        margin-top: var(--h5-margin-top);\n        margin-bottom: var(--h5-margin-bottom);\n        }\n        h6\n        {\n        font-weight: var(--h6-font-weight);\n        font-size: var(--h6-font-size);\n        line-height: var(--h6-line-height);\n        margin-top: var(--h6-margin-top);\n        margin-bottom: var(--h6-margin-bottom);\n        }\n        p.u-large-text\n        {\n        font-size: var(--largeText-font-size);\n        margin-top: var(--largeText-margin-top);\n        margin-bottom: var(--largeText-margin-bottom);\n        }\n        p.u-small-text\n        {\n        font-size: var(--smallText-font-size);\n        margin-top: var(--smallText-margin-top);\n        margin-bottom: var(--smallText-margin-bottom);\n        }\n        p:not(.u-text-variant)\n        {\n        margin-top: var(--text-margin-top);\n        margin-bottom: var(--text-margin-bottom);\n        }\n        .u-btn\n        {\n        margin-top: var(--button-margin-top);\n        margin-bottom: var(--button-margin-bottom);\n        border-top-style: var(--button-border-top-style);\n        border-left-style: var(--button-border-left-style);\n        border-right-style: var(--button-border-right-style);\n        border-bottom-style: var(--button-border-bottom-style);\n        borders: var(--button-borders);\n        border-radius: var(--button-border-radius);\n        image-size: var(--button-image-size);\n        image-fit: var(--button-image-fit);\n        image-zoom: var(--button-image-zoom);\n        animation: var(--button-animation);\n        line-height: var(--button-line-height);\n        }\n        .u-btn\n        {\n        border-radius: var(--button-border-radius);\n        }\n        blockquote\n        {\n        font-style: var(--blockquote-font-style);\n        padding-left: var(--blockquote-padding-left);\n        border-width: var(--blockquote-border-width);\n        margin-top: var(--blockquote-margin-top);\n        margin-bottom: var(--blockquote-margin-bottom);\n        }\n        .u-metadata\n        {\n        margin-top: var(--metadata-margin-top);\n        margin-bottom: var(--metadata-margin-bottom);\n        }\n        ul:not(.u-unstyled)\n        {\n        margin-top: var(--list-margin-top);\n        margin-bottom: var(--list-margin-bottom);\n        }\n        ol\n        {\n        margin-top: var(--orderedlist-margin-top);\n        margin-bottom: var(--orderedlist-margin-bottom);\n        }\n        .u-post-content\n        {\n        margin-top: var(--postContent-margin-top);\n        margin-bottom: var(--postContent-margin-bottom);\n        }\n        .u-input\n        {\n        border-width: var(--form-input-border-width);\n        borders: var(--form-input-borders);\n        }\n        /** common-rules **/\n\n        /** publish-rules **/\n        /*begin-media rules*/\n        @media (max-width: 767px) {\n        h1.u-title\n        {\n        font-size: var(--title-font-size-sm);\n        }\n        }\n        @media (max-width: 575px) {\n        h1.u-title\n        {\n        font-size: var(--title-font-size-xs);\n        }\n        }\n        @media (max-width: 575px) {\n        h2.u-subtitle\n        {\n        font-size: var(--subtitle-font-size-xs);\n        }\n        }\n        @media (max-width: 991px) {\n        h1:not(.u-title)\n        {\n        font-size: var(--h1-font-size-md);\n        font-weight: var(--h1-font-weight-md);\n        line-height: var(--h1-line-height-md);\n        list-icon-spacing: var(--h1-list-icon-spacing-md);\n        list-icon-size: var(--h1-list-icon-size-md);\n        }\n        }\n        @media (max-width: 767px) {\n        h1:not(.u-title)\n        {\n        font-size: var(--h1-font-size-sm);\n        font-weight: var(--h1-font-weight-sm);\n        line-height: var(--h1-line-height-sm);\n        list-icon-spacing: var(--h1-list-icon-spacing-sm);\n        list-icon-size: var(--h1-list-icon-size-sm);\n        }\n        }\n        @media (max-width: 575px) {\n        h1:not(.u-title)\n        {\n        font-size: var(--h1-font-size-xs);\n        font-weight: var(--h1-font-weight-xs);\n        line-height: var(--h1-line-height-xs);\n        list-icon-spacing: var(--h1-list-icon-spacing-xs);\n        list-icon-size: var(--h1-list-icon-size-xs);\n        }\n        }\n        @media (max-width: 767px) {\n        h2:not(.u-subtitle)\n        {\n        font-size: var(--h2-font-size-sm);\n        }\n        }\n        @media (max-width: 575px) {\n        h2:not(.u-subtitle)\n        {\n        font-size: var(--h2-font-size-xs);\n        font-weight: var(--h2-font-weight-xs);\n        line-height: var(--h2-line-height-xs);\n        list-icon-spacing: var(--h2-list-icon-spacing-xs);\n        list-icon-size: var(--h2-list-icon-size-xs);\n        }\n        }\n        @media (max-width: 575px) {\n        h3\n        {\n        font-size: var(--h3-font-size-xs);\n        font-weight: var(--h3-font-weight-xs);\n        line-height: var(--h3-line-height-xs);\n        list-icon-spacing: var(--h3-list-icon-spacing-xs);\n        list-icon-size: var(--h3-list-icon-size-xs);\n        }\n        }\n        /*end-media rules*/\n        /** publish-rules **/\n\n        \n\n        /** cms-rules **/\n        /*begin-responsive rules*/\n        .u-sm h1.u-title\n        {\n        font-size: var(--title-font-size-sm);\n        }\n        .u-xs h1.u-title\n        {\n        font-size: var(--title-font-size-xs);\n        }\n        .u-xs h2.u-subtitle\n        {\n        font-size: var(--subtitle-font-size-xs);\n        }\n        .u-md h1:not(.u-title)\n        {\n        font-size: var(--h1-font-size-md);\n        line-height: var(--h1-line-height-md);\n        font-weight: var(--h1-font-weight-md);\n        list-icon-spacing: var(--h1-list-icon-spacing-md);\n        list-icon-size: var(--h1-list-icon-size-md);\n        }\n        .u-sm h1:not(.u-title)\n        {\n        font-size: var(--h1-font-size-sm);\n        line-height: var(--h1-line-height-sm);\n        font-weight: var(--h1-font-weight-sm);\n        list-icon-spacing: var(--h1-list-icon-spacing-sm);\n        list-icon-size: var(--h1-list-icon-size-sm);\n        }\n        .u-xs h1:not(.u-title)\n        {\n        font-size: var(--h1-font-size-xs);\n        line-height: var(--h1-line-height-xs);\n        font-weight: var(--h1-font-weight-xs);\n        list-icon-spacing: var(--h1-list-icon-spacing-xs);\n        list-icon-size: var(--h1-list-icon-size-xs);\n        }\n        .u-xs h2:not(.u-subtitle)\n        {\n        font-weight: var(--h2-font-weight-xs);\n        font-size: var(--h2-font-size-xs);\n        line-height: var(--h2-line-height-xs);\n        }\n        .u-sm h2:not(.u-subtitle)\n        {\n        font-size: var(--h2-font-size-sm);\n        }\n        .u-xs h3\n        {\n        font-size: var(--h3-font-size-xs);\n        line-height: var(--h3-line-height-xs);\n        font-weight: var(--h3-font-weight-xs);\n        list-icon-spacing: var(--h3-list-icon-spacing-xs);\n        list-icon-size: var(--h3-list-icon-size-xs);\n        }\n        /*end-responsive rules*/\n        /** cms-rules **/\n\n        /** color-rules **/\n        .u-overlap.u-overlap-transparent:not(.u-overlap-contrast) .u-header :not(.u-nav-item) > a,\n        .u-gradient > .u-container-layout > a,\n        .u-image:not(.u-shading) > .u-container-layout > a,\n        a\n        {\n        color: var(--hyperlink-color);\n        }\n        .u-overlap.u-overlap-transparent:not(.u-overlap-contrast) .u-header :not(.u-nav-item) > a:hover,\n        .u-gradient > .u-container-layout > a:hover,\n        .u-image:not(.u-shading) > .u-container-layout > a:hover,\n        a:hover\n        {\n        color: var(--hyperlink-hover-color);\n        }\n        .u-overlap.u-overlap-transparent:not(.u-overlap-contrast) .u-header :not(.u-nav-item) > a:active,\n        .u-gradient > .u-container-layout > a:active,\n        .u-image:not(.u-shading) > .u-container-layout > a:active,\n        a:active\n        {\n        color: var(--hyperlink-active-color);\n        }\n        .u-overlap.u-overlap-transparent:not(.u-overlap-contrast) .u-header :not(.u-nav-item) > .u-btn,\n        .u-gradient > .u-container-layout > .u-btn,\n        .u-image:not(.u-shading) > .u-container-layout > .u-btn,\n        .u-btn\n        {\n        background-color: var(--button-background-color);\n        color: var(--button-color);\n        }\n        .u-overlap.u-overlap-transparent:not(.u-overlap-contrast) .u-header :not(.u-nav-item) > .u-btn:hover,\n        .u-gradient > .u-container-layout > .u-btn:hover,\n        .u-image:not(.u-shading) > .u-container-layout > .u-btn:hover,\n        .u-btn:hover\n        {\n        background-color: var(--button-hover-background-color);\n        color: var(--button-hover-color);\n        }\n        .u-overlap.u-overlap-transparent:not(.u-overlap-contrast) .u-header :not(.u-nav-item) > .u-btn:focus,\n        .u-gradient > .u-container-layout > .u-btn:focus,\n        .u-image:not(.u-shading) > .u-container-layout > .u-btn:focus,\n        .u-btn:focus\n        {\n        background-color: var(--button-hover-background-color);\n        color: var(--button-hover-color);\n        }\n        .u-overlap.u-overlap-transparent:not(.u-overlap-contrast) .u-header :not(.u-nav-item) > .u-btn:active,\n        .u-gradient > .u-container-layout > .u-btn:active,\n        .u-image:not(.u-shading) > .u-container-layout > .u-btn:active,\n        .u-btn:active\n        {\n        background-color: var(--button-active-background-color);\n        color: var(--button-active-color);\n        }\n        .u-overlap.u-overlap-transparent:not(.u-overlap-contrast) .u-header :not(.u-nav-item) > blockquote,\n        .u-gradient > .u-container-layout > blockquote,\n        .u-image:not(.u-shading) > .u-container-layout > blockquote,\n        blockquote\n        {\n        border-color: var(--blockquote-border-color);\n        }\n        .u-overlap.u-overlap-transparent:not(.u-overlap-contrast) .u-header :not(.u-nav-item) > .u-input,\n        .u-gradient > .u-container-layout > .u-input,\n        .u-image:not(.u-shading) > .u-container-layout > .u-input,\n        .u-input\n        {\n        border-color: var(--form-input-border-color);\n        background-color: var(--form-input-background-color);\n        color: var(--form-input-color);\n        }\n        /** color-rules **/\n\n        /** alt-color-rules **/\n        :where(.u-body-color, .u-palette-1-base, .u-palette-1-dark-3, .u-palette-1-dark-2, .u-palette-1-dark-1, .u-palette-1, .u-palette-2-base, .u-palette-2-dark-3, .u-palette-2-dark-2, .u-palette-2-dark-1, .u-palette-2, .u-palette-2-light-1, .u-palette-3-base, .u-palette-3-dark-3, .u-palette-3-dark-2, .u-palette-3-dark-1, .u-palette-4-base, .u-palette-4-dark-3, .u-palette-4-dark-2, .u-palette-4-dark-1, .u-palette-4, .u-palette-5-dark-3, .u-palette-5-dark-2, .u-palette-5-dark-1, .u-grey-40, .u-grey-30, .u-grey-90, .u-grey-80, .u-grey-75, .u-black, .u-grey-70, .u-grey-60, .u-grey-50, .u-grey-dark-3, .u-grey-dark-2, .u-grey-dark-1, .u-grey, .u-shading) a, :where(.u-overlap-contrast .u-header) a:not(.u-nav-link):not(.u-btn)\n        {\n        color: var(--hyperlink-alt-text-color);\n        }\n        :where(.u-body-color, .u-palette-1-base, .u-palette-1-dark-3, .u-palette-1-dark-2, .u-palette-1-dark-1, .u-palette-1, .u-palette-2-base, .u-palette-2-dark-3, .u-palette-2-dark-2, .u-palette-2-dark-1, .u-palette-2, .u-palette-2-light-1, .u-palette-3-base, .u-palette-3-dark-3, .u-palette-3-dark-2, .u-palette-3-dark-1, .u-palette-4-base, .u-palette-4-dark-3, .u-palette-4-dark-2, .u-palette-4-dark-1, .u-palette-4, .u-palette-5-dark-3, .u-palette-5-dark-2, .u-palette-5-dark-1, .u-grey-40, .u-grey-30, .u-grey-90, .u-grey-80, .u-grey-75, .u-black, .u-grey-70, .u-grey-60, .u-grey-50, .u-grey-dark-3, .u-grey-dark-2, .u-grey-dark-1, .u-grey) a:hover\n        {\n        color: var(--hyperlink-hover-alt-text-color);\n        }\n        :where(.u-body-color, .u-palette-1-base, .u-palette-1-dark-3, .u-palette-1-dark-2, .u-palette-1-dark-1, .u-palette-1, .u-palette-2-base, .u-palette-2-dark-3, .u-palette-2-dark-2, .u-palette-2-dark-1, .u-palette-2, .u-palette-2-light-1, .u-palette-3-base, .u-palette-3-dark-3, .u-palette-3-dark-2, .u-palette-3-dark-1, .u-palette-4-base, .u-palette-4-dark-3, .u-palette-4-dark-2, .u-palette-4-dark-1, .u-palette-4, .u-palette-5-dark-3, .u-palette-5-dark-2, .u-palette-5-dark-1, .u-grey-40, .u-grey-30, .u-grey-90, .u-grey-80, .u-grey-75, .u-black, .u-grey-70, .u-grey-60, .u-grey-50, .u-grey-dark-3, .u-grey-dark-2, .u-grey-dark-1, .u-grey) a:active\n        {\n        color: var(--hyperlink-active-alt-text-color);\n        }\n        :where(.u-shading, .u-overlap-contrast .u-header) .u-btn\n        {\n        background-color: var(--button-alt-background-color);\n        color: var(--button-alt-color);\n        }\n        :where(.u-shading, .u-overlap-contrast .u-header) .u-btn:hover\n        {\n        background-color: var(--button-hover-alt-background-color);\n        color: var(--button-hover-alt-color);\n        }\n        :where(.u-shading, .u-overlap-contrast .u-header) .u-btn:active\n        {\n        background-color: var(--button-active-alt-background-color);\n        color: var(--button-active-alt-color);\n        }\n        /** alt-color-rules **/\n    </style><style id=\"font-scheme\" font-scheme=\"custom-font-family-3\" heading-font=\"'Titillium Web',sans-serif\" text-font=\"'Open Sans',sans-serif\">.u-body {\n   --text-font: 'Open Sans',sans-serif;\n   --heading-font: 'Titillium Web',sans-serif;\n}</style>","appVersion":"7.11.4","publicUrl":null,"customDomainUrl":null,"subDomain":null,"datePublished":null,"isTrial":true,"serverSiteId":0}